-- phpMyAdmin SQL Dump
-- version 5.2.1
-- https://www.phpmyadmin.net/
--
-- Host: localhost:3306
-- Generation Time: Dec 09, 2024 at 02:04 PM
-- Server version: 10.4.32-MariaDB
-- PHP Version: 8.2.12

SET SQL_MODE = "NO_AUTO_VALUE_ON_ZERO";
START TRANSACTION;
SET time_zone = "+00:00";


/*!40101 SET @OLD_CHARACTER_SET_CLIENT=@@CHARACTER_SET_CLIENT */;
/*!40101 SET @OLD_CHARACTER_SET_RESULTS=@@CHARACTER_SET_RESULTS */;
/*!40101 SET @OLD_COLLATION_CONNECTION=@@COLLATION_CONNECTION */;
/*!40101 SET NAMES utf8mb4 */;

--
-- Database: `database_pos`
--

-- --------------------------------------------------------

--
-- Table structure for table `categories`
--

CREATE TABLE `categories` (
  `id` int(11) NOT NULL,
  `name` varchar(255) NOT NULL,
  `image` varchar(255) NOT NULL
) ENGINE=InnoDB DEFAULT CHARSET=utf8mb4 COLLATE=utf8mb4_general_ci;

--
-- Dumping data for table `categories`
--

INSERT INTO `categories` (`id`, `name`, `image`) VALUES
(11, 'Milktea', 'uploads/Image 1 (6).png'),
(12, 'Iced Coffee', 'uploads/Image 2.png'),
(20, 'Fruitea', 'uploads/Image 2 (6).png');

-- --------------------------------------------------------

--
-- Table structure for table `daily_sales`
--

CREATE TABLE `daily_sales` (
  `id` int(11) NOT NULL,
  `date` date NOT NULL,
  `total_sales` decimal(10,2) NOT NULL DEFAULT 0.00
) ENGINE=InnoDB DEFAULT CHARSET=utf8mb4 COLLATE=utf8mb4_general_ci;

--
-- Dumping data for table `daily_sales`
--

INSERT INTO `daily_sales` (`id`, `date`, `total_sales`) VALUES
(1, '2024-10-02', 519.00),
(2, '2024-10-03', 1105.00),
(3, '2024-10-04', 140.00),
(4, '2024-10-05', 1210.00),
(5, '2024-10-06', 195.00),
(6, '2024-10-08', 1290.00),
(7, '2024-10-09', 105.00),
(8, '2024-10-10', 175.00),
(9, '2024-10-11', 35.00),
(10, '2024-10-12', 140.00),
(11, '2024-10-13', 815.00),
(12, '2024-10-14', 5840.00),
(13, '2024-10-15', 2388.00),
(14, '2024-10-16', 1740.00),
(15, '2024-10-17', 710.00),
(17, '2024-10-22', 2166.00),
(18, '2024-10-23', 265.00),
(19, '2024-10-27', 195.00),
(20, '2024-10-29', 320.00),
(21, '2024-10-31', 80.00),
(22, '2024-11-07', 80.00),
(23, '2024-11-11', 1601.00),
(24, '2024-11-13', 230.00),
(25, '2024-11-17', 150.00),
(26, '2024-11-19', 195.00),
(27, '2024-11-20', 2000.00),
(28, '2024-11-21', 275.00),
(29, '2024-11-22', 5745.00),
(30, '2024-11-23', 93.00),
(31, '2024-11-24', 1660.00),
(32, '2024-11-25', 1594.00),
(33, '2024-11-26', 2887.00),
(34, '2024-11-27', 80.00),
(35, '2024-11-28', 35.00),
(36, '2024-11-29', 950.00),
(37, '2024-11-30', 735.00),
(38, '2024-12-01', 70.00),
(39, '2024-12-02', 109.00),
(40, '2024-12-03', 435.00),
(41, '2024-12-04', 109.00),
(42, '2024-12-05', 144.00),
(43, '2024-12-06', 1712.00),
(44, '2024-12-08', 84.00),
(45, '2024-12-09', 63.00);

-- --------------------------------------------------------

--
-- Table structure for table `items`
--

CREATE TABLE `items` (
  `id` int(11) NOT NULL,
  `name` varchar(100) NOT NULL,
  `category_id` int(11) NOT NULL,
  `image` varchar(255) DEFAULT NULL,
  `medium_price` decimal(10,2) NOT NULL,
  `large_price` decimal(10,2) NOT NULL,
  `medium_size` int(11) DEFAULT 0,
  `large_size` int(11) DEFAULT 0,
  `is_deleted` tinyint(1) DEFAULT 0,
  `status` tinyint(1) DEFAULT 1,
  `quantity` int(11) NOT NULL DEFAULT 0
) ENGINE=InnoDB DEFAULT CHARSET=utf8mb4 COLLATE=utf8mb4_general_ci;

--
-- Dumping data for table `items`
--

INSERT INTO `items` (`id`, `name`, `category_id`, `image`, `medium_price`, `large_price`, `medium_size`, `large_size`, `is_deleted`, `status`, `quantity`) VALUES
(117, 'Cafe Latte', 12, 'uploads/Image 2.png', 35.00, 45.00, 8, 10, 0, 1, 10),
(121, 'Vanilla', 11, 'uploads/Image 1.png', 35.00, 45.00, 8, 10, 0, 1, 10),
(122, 'Choco Mousse', 11, 'uploads/Image 1 (5).png', 35.00, 45.00, 8, 10, 0, 1, 8),
(123, 'Matcha ', 11, 'uploads/Image 1.png', 35.00, 45.00, 8, 10, 0, 1, 2),
(124, 'Coffee', 11, 'uploads/Image 1 (5).png', 35.00, 45.00, 8, 10, 0, 1, 8),
(125, 'Cheesecake', 11, 'uploads/Image 1.png', 35.00, 45.00, 8, 10, 0, 1, 4),
(126, 'Cookies $ Cream', 11, 'uploads/Image 1 (6).png', 35.00, 45.00, 8, 10, 0, 1, 4),
(127, 'Cappuccino ', 11, 'uploads/Image 1 (3).png', 35.00, 45.00, 8, 10, 0, 1, 10),
(128, 'Rock Salt $ Cheese', 11, 'uploads/Image 1 (6).png', 35.00, 45.00, 8, 10, 0, 1, 10),
(129, 'Okinawa ', 11, 'uploads/Image 1 (3).png', 35.00, 45.00, 8, 10, 0, 1, 10),
(131, 'Iced Americano', 12, 'uploads/Image 2 (5).png', 35.00, 45.00, 8, 10, 0, 1, 10),
(132, 'Dark Choco', 12, 'uploads/Image 3 (4).png', 35.00, 45.00, 8, 10, 0, 1, 10),
(133, 'French Vanilla', 12, 'uploads/Image 4 (3).png', 35.00, 45.00, 8, 10, 0, 1, 10),
(134, 'Caramel Macchiato', 12, 'uploads/Image 5 (2).png', 35.00, 45.00, 8, 10, 0, 1, 10),
(135, 'Java Chip', 11, 'uploads/Image 1.png', 35.00, 45.00, 8, 10, 0, 1, 10),
(137, 'Hokkaido', 11, 'uploads/Image 1.png', 35.00, 45.00, 8, 10, 0, 1, 10),
(139, 'Taro', 11, 'uploads/Image 1 (3).png', 35.00, 45.00, 8, 10, 0, 1, 10),
(159, 'Okinawa version 2', 12, 'uploads/Image 5 (2).png', 35.00, 45.00, 8, 10, 0, 1, 10),
(161, 'Lychee', 20, 'uploads/Image 2 (4).png', 29.00, 39.00, 8, 10, 0, 1, 10),
(162, 'Green Apple', 20, 'uploads/Image 2 (2).png', 29.00, 39.00, 8, 10, 0, 1, 10),
(163, 'Passion Fruit', 20, 'uploads/Image 2 (6).png', 29.00, 39.00, 8, 10, 0, 1, 8),
(164, 'Blue Berries', 20, 'uploads/Image 2 (9).png', 29.00, 39.00, 8, 10, 0, 1, 10),
(165, 'Strawberry', 20, 'uploads/Image 2 (4).png', 29.00, 39.00, 8, 10, 0, 1, 9),
(166, 'Kiwi', 20, 'uploads/Image 2 (3).png', 29.00, 39.00, 8, 10, 0, 1, 10),
(167, 'Grapes', 20, 'uploads/Image 2 (1).png', 29.00, 39.00, 8, 10, 0, 1, 10);

-- --------------------------------------------------------

--
-- Table structure for table `product_sales`
--

CREATE TABLE `product_sales` (
  `id` int(11) NOT NULL,
  `product_id` int(11) DEFAULT NULL,
  `quantity_sold` int(11) DEFAULT NULL,
  `date_sold` date DEFAULT NULL
) ENGINE=InnoDB DEFAULT CHARSET=utf8mb4 COLLATE=utf8mb4_general_ci;

--
-- Dumping data for table `product_sales`
--

INSERT INTO `product_sales` (`id`, `product_id`, `quantity_sold`, `date_sold`) VALUES
(1, 22, 1, '2024-10-02'),
(2, 21, 1, '2024-10-02'),
(3, 25, 1, '2024-10-02'),
(4, 25, 1, '2024-10-02'),
(5, 25, 1, '2024-10-02'),
(6, 23, 1, '2024-10-02'),
(7, 24, 1, '2024-10-02'),
(8, 24, 1, '2024-10-02'),
(9, 25, 1, '2024-10-02'),
(10, 22, 1, '2024-10-02'),
(11, 24, 1, '2024-10-02'),
(12, 24, 2, '2024-10-02'),
(13, 23, 1, '2024-10-02'),
(14, 27, 1, '2024-10-02'),
(15, 23, 1, '2024-10-02'),
(16, 23, 1, '2024-10-02'),
(17, 21, 1, '2024-10-02'),
(18, 25, 1, '2024-10-02'),
(19, 25, 1, '2024-10-02'),
(20, 24, 1, '2024-10-02'),
(21, 24, 1, '2024-10-02'),
(22, 24, 1, '2024-10-02'),
(23, 23, 2, '2024-10-02'),
(24, 22, 1, '2024-10-02'),
(25, 25, 2, '2024-10-02'),
(26, 25, 2, '2024-10-02'),
(27, 22, 1, '2024-10-02'),
(28, 22, 1, '2024-10-02'),
(29, 23, 1, '2024-10-02'),
(30, 23, 1, '2024-10-02'),
(31, 25, 1, '2024-10-02'),
(32, 25, 1, '2024-10-02'),
(33, 25, 1, '2024-10-02'),
(34, 25, 1, '2024-10-02'),
(35, 23, 1, '2024-10-02'),
(36, 24, 1, '2024-10-02'),
(37, 23, 2, '2024-10-02'),
(38, 25, 4, '2024-10-02'),
(39, 25, 4, '2024-10-02'),
(40, 24, 1, '2024-10-02'),
(41, 24, 1, '2024-10-02'),
(42, 25, 1, '2024-10-02'),
(43, 25, 1, '2024-10-02'),
(44, 25, 1, '2024-10-02'),
(45, 24, 1, '2024-10-02'),
(46, 24, 7, '2024-10-02'),
(47, 24, 1, '2024-10-02'),
(48, 27, 2, '2024-10-02'),
(49, 37, 2, '2024-10-02'),
(50, 24, 1, '2024-10-02'),
(51, 28, 2, '2024-10-02'),
(52, 21, 1, '2024-10-02'),
(53, 23, 1, '2024-10-02'),
(54, 23, 2, '2024-10-02'),
(55, 38, 1, '2024-10-03'),
(56, 25, 1, '2024-10-03'),
(57, 24, 1, '2024-10-03'),
(58, 24, 1, '2024-10-03'),
(59, 24, 1, '2024-10-03'),
(60, 24, 1, '2024-10-03'),
(61, 24, 1, '2024-10-03'),
(62, 24, 1, '2024-10-03'),
(63, 25, 1, '2024-10-03'),
(64, 25, 1, '2024-10-03'),
(65, 24, 1, '2024-10-03'),
(66, 23, 1, '2024-10-03'),
(67, 24, 1, '2024-10-03'),
(68, 28, 1, '2024-10-03'),
(69, 28, 1, '2024-10-03'),
(70, 21, 1, '2024-10-03'),
(71, 24, 1, '2024-10-03'),
(72, 21, 1, '2024-10-03'),
(73, 21, 1, '2024-10-03'),
(74, 22, 1, '2024-10-03'),
(75, 29, 1, '2024-10-03'),
(76, 22, 1, '2024-10-03'),
(77, 22, 1, '2024-10-03'),
(78, 22, 1, '2024-10-03'),
(79, 22, 1, '2024-10-03'),
(80, 24, 1, '2024-10-03'),
(81, 22, 1, '2024-10-03'),
(82, 22, 1, '2024-10-03'),
(83, 22, 2, '2024-10-03'),
(84, 22, 4, '2024-10-03'),
(85, 22, 2, '2024-10-03'),
(86, 22, 2, '2024-10-03'),
(87, 22, 1, '2024-10-03'),
(88, 22, 2, '2024-10-03'),
(89, 21, 2, '2024-10-03'),
(90, 21, 1, '2024-10-03'),
(91, 21, 1, '2024-10-03'),
(92, 21, 1, '2024-10-03'),
(93, 21, 1, '2024-10-03'),
(94, 21, 1, '2024-10-03'),
(95, 21, 1, '2024-10-03'),
(96, 21, 1, '2024-10-03'),
(97, 21, 1, '2024-10-03'),
(98, 21, 1, '2024-10-03');

-- --------------------------------------------------------

--
-- Table structure for table `sales`
--

CREATE TABLE `sales` (
  `id` int(11) NOT NULL,
  `item_id` int(11) NOT NULL,
  `quantity` int(11) NOT NULL,
  `size` enum('Medium','Large') NOT NULL,
  `sale_date` timestamp NOT NULL DEFAULT current_timestamp()
) ENGINE=InnoDB DEFAULT CHARSET=utf8mb4 COLLATE=utf8mb4_general_ci;

--
-- Dumping data for table `sales`
--

INSERT INTO `sales` (`id`, `item_id`, `quantity`, `size`, `sale_date`) VALUES
(246, 121, 12, 'Large', '2024-11-22 05:16:09'),
(247, 122, 12, 'Medium', '2024-11-22 05:16:56'),
(248, 122, 12, 'Large', '2024-11-22 05:16:56'),
(249, 126, 1, 'Large', '2024-11-22 05:16:56'),
(261, 121, 10, 'Medium', '2024-11-22 08:17:07'),
(262, 124, 10, 'Large', '2024-11-22 08:21:20'),
(263, 121, 1, 'Medium', '2024-11-22 08:23:53'),
(264, 123, 1, 'Large', '2024-11-22 09:06:39'),
(265, 123, 1, 'Medium', '2024-11-22 09:06:39'),
(266, 125, 1, 'Medium', '2024-11-22 09:14:16'),
(267, 137, 1, 'Large', '2024-11-22 09:14:16'),
(268, 126, 1, 'Medium', '2024-11-22 09:32:09'),
(269, 123, 1, 'Medium', '2024-11-22 09:36:24'),
(270, 135, 1, 'Medium', '2024-11-22 09:36:24'),
(271, 128, 1, 'Large', '2024-11-22 09:36:32'),
(272, 123, 1, 'Medium', '2024-11-22 09:54:45'),
(273, 125, 1, 'Medium', '2024-11-22 10:29:17'),
(274, 135, 1, 'Medium', '2024-11-22 10:29:17'),
(275, 129, 1, 'Large', '2024-11-22 10:29:17'),
(276, 123, 1, 'Medium', '2024-11-22 13:11:32'),
(277, 121, 1, 'Medium', '2024-11-22 13:11:32'),
(278, 121, 1, 'Medium', '2024-11-22 13:17:59'),
(279, 121, 1, 'Medium', '2024-11-22 13:22:23'),
(280, 121, 2, 'Large', '2024-11-22 15:01:28'),
(281, 121, 1, 'Medium', '2024-11-22 15:02:33'),
(282, 121, 1, 'Large', '2024-11-22 15:02:33'),
(283, 124, 2, 'Medium', '2024-11-22 15:04:00'),
(284, 124, 2, 'Large', '2024-11-22 15:04:00'),
(285, 121, 1, 'Medium', '2024-11-23 00:59:03'),
(286, 121, 1, 'Medium', '2024-11-23 00:59:14'),
(287, 121, 2, 'Large', '2024-11-23 08:14:52'),
(288, 123, 1, 'Medium', '2024-11-24 07:15:53'),
(289, 121, 1, 'Medium', '2024-11-24 07:16:06'),
(290, 123, 1, 'Medium', '2024-11-24 07:16:41'),
(291, 121, 1, 'Medium', '2024-11-24 07:16:55'),
(292, 137, 1, 'Medium', '2024-11-24 07:19:29'),
(293, 125, 1, 'Medium', '2024-11-24 07:19:29'),
(294, 121, 1, 'Medium', '2024-11-24 07:19:29'),
(295, 117, 1, 'Medium', '2024-11-24 07:54:06'),
(296, 122, 1, 'Medium', '2024-11-24 08:02:50'),
(297, 121, 1, 'Medium', '2024-11-24 08:02:50'),
(298, 123, 1, 'Medium', '2024-11-24 11:21:58'),
(299, 123, 1, 'Large', '2024-11-24 11:21:58'),
(300, 117, 1, 'Medium', '2024-11-24 11:34:43'),
(301, 117, 11, 'Large', '2024-11-24 11:35:32'),
(302, 123, 1, 'Medium', '2024-11-24 13:38:54'),
(303, 124, 1, 'Medium', '2024-11-24 13:39:26'),
(304, 137, 1, 'Large', '2024-11-24 13:39:54'),
(305, 125, 2, 'Large', '2024-11-24 13:40:37'),
(306, 125, 2, 'Medium', '2024-11-24 13:40:37'),
(307, 124, 1, 'Medium', '2024-11-24 13:46:09'),
(308, 135, 1, 'Medium', '2024-11-24 13:50:51'),
(309, 125, 1, 'Medium', '2024-11-24 13:58:50'),
(310, 125, 1, 'Large', '2024-11-24 13:58:50'),
(311, 124, 1, 'Large', '2024-11-24 13:59:55'),
(312, 137, 1, 'Medium', '2024-11-24 14:02:14'),
(313, 124, 1, 'Large', '2024-11-24 14:02:34'),
(314, 123, 1, 'Medium', '2024-11-24 14:14:54'),
(316, 126, 1, 'Medium', '2024-11-24 14:43:22'),
(317, 126, 1, 'Large', '2024-11-24 14:43:22'),
(318, 124, 1, 'Medium', '2024-11-25 03:14:17'),
(319, 125, 1, 'Medium', '2024-11-25 03:17:19'),
(320, 124, 1, 'Medium', '2024-11-25 03:18:24'),
(321, 124, 1, 'Medium', '2024-11-25 03:18:24'),
(322, 132, 1, 'Medium', '2024-11-25 03:20:07'),
(323, 132, 1, 'Large', '2024-11-25 03:20:07'),
(324, 131, 1, 'Medium', '2024-11-25 03:20:07'),
(325, 131, 1, 'Large', '2024-11-25 03:20:07'),
(326, 124, 1, 'Medium', '2024-11-25 03:37:54'),
(327, 124, 1, 'Medium', '2024-11-25 03:43:26'),
(328, 124, 1, 'Medium', '2024-11-25 03:48:11'),
(329, 124, 1, 'Medium', '2024-11-25 03:48:40'),
(330, 123, 1, 'Medium', '2024-11-25 03:55:07'),
(331, 124, 1, 'Large', '2024-11-25 05:12:17'),
(332, 124, 1, 'Medium', '2024-11-25 05:12:17'),
(333, 126, 1, 'Medium', '2024-11-25 05:54:43'),
(334, 123, 1, 'Large', '2024-11-25 05:54:43'),
(335, 122, 1, 'Medium', '2024-11-25 11:34:39'),
(336, 124, 1, 'Large', '2024-11-25 11:35:29'),
(337, 124, 1, 'Medium', '2024-11-25 11:43:23'),
(338, 123, 1, 'Medium', '2024-11-25 12:19:25'),
(339, 124, 1, 'Medium', '2024-11-25 12:24:15'),
(340, 125, 1, 'Medium', '2024-11-25 12:24:41'),
(341, 125, 1, 'Medium', '2024-11-25 12:25:09'),
(342, 163, 1, 'Medium', '2024-11-25 12:25:24'),
(343, 124, 1, 'Medium', '2024-11-25 12:32:24'),
(344, 123, 1, 'Medium', '2024-11-25 12:36:35'),
(345, 124, 1, 'Medium', '2024-11-25 13:06:44'),
(346, 125, 1, 'Medium', '2024-11-25 13:10:07'),
(347, 126, 1, 'Medium', '2024-11-25 13:12:44'),
(348, 124, 1, 'Medium', '2024-11-25 13:16:17'),
(349, 124, 1, 'Medium', '2024-11-25 13:19:41'),
(350, 125, 1, 'Large', '2024-11-25 13:26:24'),
(351, 125, 1, 'Large', '2024-11-25 13:49:41'),
(352, 126, 1, 'Large', '2024-11-25 13:52:24'),
(353, 126, 1, 'Large', '2024-11-25 13:52:48'),
(354, 124, 1, 'Large', '2024-11-25 13:55:57'),
(355, 125, 1, 'Large', '2024-11-25 13:59:08'),
(356, 121, 1, 'Large', '2024-11-25 13:59:32'),
(357, 125, 1, 'Medium', '2024-11-25 14:03:13'),
(358, 121, 1, 'Medium', '2024-11-25 14:03:31'),
(359, 121, 1, 'Medium', '2024-11-25 14:03:49'),
(360, 125, 1, 'Medium', '2024-11-25 14:10:00'),
(361, 123, 1, 'Medium', '2024-11-25 14:14:42'),
(362, 124, 1, 'Medium', '2024-11-26 02:33:24'),
(363, 123, 1, 'Medium', '2024-11-26 02:37:26'),
(364, 121, 1, 'Medium', '2024-11-26 02:40:46'),
(365, 123, 1, 'Medium', '2024-11-26 02:44:11'),
(366, 124, 1, 'Medium', '2024-11-26 02:47:09'),
(367, 124, 1, 'Medium', '2024-11-26 02:50:10'),
(368, 121, 1, 'Medium', '2024-11-26 02:50:52'),
(369, 121, 9, 'Medium', '2024-11-26 02:51:41'),
(370, 125, 1, 'Medium', '2024-11-26 02:57:43'),
(371, 162, 1, 'Medium', '2024-11-26 02:58:06'),
(372, 117, 1, 'Medium', '2024-11-26 03:27:08'),
(373, 123, 1, 'Medium', '2024-11-26 03:40:20'),
(374, 121, 1, 'Medium', '2024-11-26 03:40:44'),
(375, 123, 1, 'Medium', '2024-11-26 03:46:01'),
(376, 123, 1, 'Medium', '2024-11-26 04:08:44'),
(377, 124, 1, 'Medium', '2024-11-26 04:09:07'),
(378, 121, 1, 'Medium', '2024-11-26 04:09:21'),
(379, 123, 1, 'Medium', '2024-11-26 04:13:06'),
(380, 123, 1, 'Medium', '2024-11-26 04:13:21'),
(381, 123, 1, 'Medium', '2024-11-26 04:15:13'),
(382, 123, 1, 'Medium', '2024-11-26 04:17:39'),
(383, 123, 1, 'Medium', '2024-11-26 04:17:59'),
(384, 123, 1, 'Medium', '2024-11-26 04:21:26'),
(385, 123, 1, 'Medium', '2024-11-26 04:22:47'),
(386, 124, 1, 'Medium', '2024-11-26 04:25:09'),
(387, 123, 1, 'Medium', '2024-11-26 04:31:42'),
(388, 123, 1, 'Medium', '2024-11-26 04:35:14'),
(389, 123, 1, 'Medium', '2024-11-26 04:40:00'),
(390, 123, 1, 'Medium', '2024-11-26 04:40:15'),
(391, 123, 1, 'Medium', '2024-11-26 04:40:46'),
(392, 123, 1, 'Medium', '2024-11-26 04:44:25'),
(393, 123, 1, 'Medium', '2024-11-26 04:44:43'),
(394, 123, 1, 'Medium', '2024-11-26 04:45:10'),
(395, 123, 1, 'Medium', '2024-11-26 04:51:27'),
(396, 123, 1, 'Medium', '2024-11-26 04:55:08'),
(397, 122, 1, 'Medium', '2024-11-26 04:55:35'),
(398, 124, 1, 'Medium', '2024-11-26 04:56:07'),
(399, 123, 1, 'Medium', '2024-11-26 11:33:31'),
(400, 123, 1, 'Medium', '2024-11-26 11:41:53'),
(401, 123, 1, 'Medium', '2024-11-26 11:45:28'),
(402, 123, 1, 'Medium', '2024-11-26 11:45:28'),
(403, 117, 1, 'Medium', '2024-11-26 11:45:53'),
(404, 117, 1, 'Medium', '2024-11-26 11:45:53'),
(405, 124, 1, 'Medium', '2024-11-26 11:47:00'),
(406, 124, 1, 'Large', '2024-11-26 11:47:00'),
(407, 126, 1, 'Medium', '2024-11-26 11:56:37'),
(408, 126, 2, 'Medium', '2024-11-26 11:56:37'),
(409, 126, 2, 'Large', '2024-11-26 11:56:37'),
(410, 126, 1, 'Medium', '2024-11-26 11:56:37'),
(411, 126, 2, 'Medium', '2024-11-26 11:56:37'),
(412, 126, 2, 'Large', '2024-11-26 11:56:37'),
(413, 126, 1, 'Medium', '2024-11-26 11:57:17'),
(414, 126, 2, 'Medium', '2024-11-26 11:57:17'),
(415, 126, 2, 'Large', '2024-11-26 11:57:17'),
(416, 126, 1, 'Medium', '2024-11-26 11:57:17'),
(417, 126, 2, 'Medium', '2024-11-26 11:57:17'),
(418, 126, 2, 'Large', '2024-11-26 11:57:17'),
(419, 121, 1, 'Medium', '2024-11-26 11:58:12'),
(420, 121, 1, 'Medium', '2024-11-26 11:58:12'),
(421, 121, 1, 'Large', '2024-11-26 11:58:13'),
(422, 121, 1, 'Medium', '2024-11-26 11:58:13'),
(423, 121, 1, 'Medium', '2024-11-26 11:58:13'),
(424, 121, 1, 'Large', '2024-11-26 11:58:13'),
(425, 124, 1, 'Medium', '2024-11-26 12:02:01'),
(426, 124, 1, 'Medium', '2024-11-26 12:02:02'),
(427, 124, 1, 'Large', '2024-11-26 12:02:03'),
(428, 124, 1, 'Medium', '2024-11-26 12:02:04'),
(429, 124, 1, 'Medium', '2024-11-26 12:02:04'),
(430, 124, 1, 'Large', '2024-11-26 12:02:04'),
(431, 163, 1, 'Medium', '2024-11-26 12:21:59'),
(432, 163, 1, 'Medium', '2024-11-26 12:21:59'),
(433, 117, 1, 'Medium', '2024-11-26 12:27:04'),
(434, 117, 1, 'Large', '2024-11-26 12:27:04'),
(435, 117, 1, 'Medium', '2024-11-26 12:27:04'),
(436, 117, 1, 'Medium', '2024-11-26 12:27:04'),
(437, 121, 1, 'Medium', '2024-11-26 12:28:14'),
(438, 121, 2, 'Large', '2024-11-26 12:28:14'),
(439, 121, 1, 'Medium', '2024-11-26 12:28:14'),
(440, 121, 2, 'Medium', '2024-11-26 12:28:14'),
(441, 124, 1, 'Large', '2024-11-26 12:30:09'),
(442, 124, 1, 'Medium', '2024-11-26 12:30:09'),
(443, 162, 1, 'Large', '2024-11-26 12:34:02'),
(444, 162, 1, 'Medium', '2024-11-26 12:34:02'),
(445, 123, 1, 'Large', '2024-11-26 14:53:34'),
(446, 123, 1, 'Medium', '2024-11-26 14:53:34'),
(447, 124, 1, 'Medium', '2024-11-26 14:59:38'),
(448, 124, 1, 'Medium', '2024-11-26 14:59:38'),
(449, 123, 1, 'Medium', '2024-11-27 03:37:49'),
(450, 123, 1, 'Medium', '2024-11-27 03:37:49'),
(451, 125, 1, 'Large', '2024-11-27 03:42:52'),
(452, 125, 1, 'Medium', '2024-11-27 03:42:52'),
(453, 123, 1, 'Medium', '2024-11-28 02:14:11'),
(454, 123, 1, 'Medium', '2024-11-28 02:14:11'),
(455, 124, 1, 'Medium', '2024-11-29 04:48:17'),
(456, 125, 1, 'Large', '2024-11-29 04:48:17'),
(457, 124, 1, 'Medium', '2024-11-29 04:48:17'),
(458, 125, 1, 'Medium', '2024-11-29 04:48:17'),
(459, 124, 1, 'Medium', '2024-11-29 04:50:11'),
(460, 124, 1, 'Medium', '2024-11-29 04:50:11'),
(461, 121, 10, 'Medium', '2024-11-29 10:12:16'),
(462, 121, 10, 'Medium', '2024-11-29 10:12:16'),
(463, 123, 1, 'Large', '2024-11-29 10:15:01'),
(464, 123, 1, 'Medium', '2024-11-29 10:15:01'),
(465, 121, 9, 'Large', '2024-11-29 10:18:44'),
(466, 121, 9, 'Medium', '2024-11-29 10:18:44'),
(467, 125, 1, 'Medium', '2024-11-29 15:05:43'),
(468, 125, 1, 'Medium', '2024-11-29 15:05:43'),
(469, 125, 1, 'Large', '2024-11-30 03:22:45'),
(470, 125, 1, 'Medium', '2024-11-30 03:22:45'),
(471, 125, 1, 'Medium', '2024-11-30 03:55:13'),
(472, 125, 1, 'Medium', '2024-11-30 03:55:13'),
(473, 124, 1, 'Medium', '2024-11-30 04:07:10'),
(474, 124, 1, 'Medium', '2024-11-30 04:07:10'),
(475, 121, 1, 'Medium', '2024-11-30 04:08:05'),
(476, 121, 1, 'Medium', '2024-11-30 04:08:05'),
(477, 121, 1, 'Medium', '2024-11-30 04:08:58'),
(478, 121, 1, 'Medium', '2024-11-30 04:08:58'),
(479, 121, 1, 'Large', '2024-11-30 04:10:41'),
(480, 121, 1, 'Medium', '2024-11-30 04:10:42'),
(481, 124, 1, 'Medium', '2024-11-30 05:19:52'),
(482, 124, 1, 'Medium', '2024-11-30 05:19:52'),
(483, 121, 1, 'Medium', '2024-11-30 05:23:57'),
(484, 121, 1, 'Medium', '2024-11-30 05:23:57'),
(485, 121, 1, 'Medium', '2024-11-30 05:25:28'),
(486, 121, 1, 'Large', '2024-11-30 05:25:28'),
(487, 121, 1, 'Medium', '2024-11-30 05:25:28'),
(488, 121, 1, 'Medium', '2024-11-30 05:25:28'),
(489, 125, 1, 'Medium', '2024-11-30 05:38:50'),
(490, 125, 1, 'Medium', '2024-11-30 05:38:50'),
(491, 125, 1, 'Medium', '2024-11-30 05:43:45'),
(492, 125, 1, 'Medium', '2024-11-30 05:43:45'),
(493, 121, 1, 'Large', '2024-11-30 05:44:40'),
(494, 121, 1, 'Medium', '2024-11-30 05:44:40'),
(495, 121, 3, 'Large', '2024-11-30 05:45:12'),
(496, 121, 3, 'Medium', '2024-11-30 05:45:12'),
(497, 125, 1, 'Medium', '2024-11-30 10:01:28'),
(498, 125, 1, 'Medium', '2024-11-30 10:01:28'),
(499, 124, 1, 'Medium', '2024-12-01 02:34:15'),
(500, 124, 1, 'Medium', '2024-12-01 02:34:15'),
(501, 124, 1, 'Medium', '2024-12-01 02:55:02'),
(502, 124, 1, 'Medium', '2024-12-01 02:55:02'),
(503, 123, 1, 'Medium', '2024-12-02 10:29:55'),
(504, 123, 1, 'Medium', '2024-12-02 10:29:55'),
(505, 125, 1, 'Large', '2024-12-02 10:56:45'),
(506, 125, 1, 'Medium', '2024-12-02 10:56:45'),
(507, 163, 1, 'Medium', '2024-12-02 10:57:03'),
(508, 163, 1, 'Medium', '2024-12-02 10:57:03'),
(509, 124, 1, 'Large', '2024-12-03 11:57:57'),
(510, 128, 1, 'Medium', '2024-12-03 11:57:57'),
(511, 124, 1, 'Medium', '2024-12-03 11:57:57'),
(512, 128, 1, 'Medium', '2024-12-03 11:57:57'),
(513, 125, 1, 'Medium', '2024-12-03 12:23:07'),
(514, 125, 1, 'Medium', '2024-12-03 12:23:07'),
(515, 126, 1, 'Medium', '2024-12-03 12:24:12'),
(516, 126, 1, 'Medium', '2024-12-03 12:24:12'),
(517, 126, 1, 'Large', '2024-12-03 12:52:39'),
(518, 126, 1, 'Medium', '2024-12-03 12:52:39'),
(519, 124, 1, 'Medium', '2024-12-03 13:00:49'),
(520, 124, 1, 'Medium', '2024-12-03 13:00:49'),
(521, 124, 1, 'Medium', '2024-12-03 13:25:09'),
(522, 124, 1, 'Medium', '2024-12-03 13:25:09'),
(523, 125, 2, 'Large', '2024-12-03 13:31:26'),
(524, 125, 2, 'Medium', '2024-12-03 13:31:26'),
(525, 123, 1, 'Medium', '2024-12-03 13:32:23'),
(526, 135, 1, 'Large', '2024-12-03 13:32:23'),
(527, 123, 1, 'Medium', '2024-12-03 13:32:23'),
(528, 135, 1, 'Medium', '2024-12-03 13:32:23'),
(529, 123, 1, 'Medium', '2024-12-04 09:46:26'),
(530, 124, 1, 'Large', '2024-12-04 09:46:26'),
(531, 123, 1, 'Medium', '2024-12-04 09:46:26'),
(532, 124, 1, 'Medium', '2024-12-04 09:46:26'),
(533, 165, 1, 'Medium', '2024-12-04 11:01:12'),
(534, 165, 1, 'Medium', '2024-12-04 11:01:12'),
(535, 124, 1, 'Medium', '2024-12-05 11:36:32'),
(536, 163, 1, 'Large', '2024-12-05 11:36:32'),
(537, 132, 2, 'Medium', '2024-12-05 11:36:32'),
(538, 124, 1, 'Medium', '2024-12-05 11:36:32'),
(539, 163, 1, 'Medium', '2024-12-05 11:36:32'),
(540, 132, 2, 'Medium', '2024-12-05 11:36:32'),
(541, 124, 7, 'Medium', '2024-12-06 03:18:53'),
(542, 124, 7, 'Medium', '2024-12-06 03:18:53'),
(543, 121, 10, 'Medium', '2024-12-06 03:25:30'),
(544, 121, 10, 'Medium', '2024-12-06 03:25:30'),
(545, 124, 1, 'Medium', '2024-12-06 03:38:36'),
(546, 124, 1, 'Medium', '2024-12-06 03:38:36'),
(547, 123, 1, 'Medium', '2024-12-06 04:21:25'),
(548, 123, 1, 'Medium', '2024-12-06 04:21:42'),
(549, 123, 1, 'Medium', '2024-12-06 04:22:09'),
(550, 123, 1, 'Medium', '2024-12-06 04:22:09'),
(551, 124, 1, 'Medium', '2024-12-06 04:44:31'),
(552, 124, 1, 'Medium', '2024-12-06 04:44:31'),
(553, 123, 1, 'Medium', '2024-12-06 04:50:48'),
(554, 123, 1, 'Medium', '2024-12-06 04:50:48'),
(555, 123, 1, 'Medium', '2024-12-06 04:53:59'),
(556, 123, 1, 'Medium', '2024-12-06 04:53:59'),
(557, 123, 1, 'Medium', '2024-12-06 04:53:59'),
(558, 123, 1, 'Medium', '2024-12-06 04:53:59'),
(559, 124, 1, 'Medium', '2024-12-06 04:59:04'),
(560, 124, 1, 'Medium', '2024-12-06 04:59:04'),
(561, 122, 1, 'Medium', '2024-12-06 05:00:13'),
(562, 123, 1, 'Medium', '2024-12-06 05:00:13'),
(563, 122, 1, 'Medium', '2024-12-06 05:00:13'),
(564, 123, 1, 'Medium', '2024-12-06 05:00:13'),
(565, 124, 1, 'Medium', '2024-12-06 05:00:50'),
(566, 124, 1, 'Medium', '2024-12-06 05:00:50'),
(567, 124, 1, 'Medium', '2024-12-06 05:00:50'),
(568, 124, 1, 'Medium', '2024-12-06 05:00:50'),
(569, 124, 1, 'Medium', '2024-12-06 10:17:36'),
(570, 124, 1, 'Medium', '2024-12-06 10:17:36'),
(571, 124, 1, 'Medium', '2024-12-06 10:20:53'),
(572, 124, 1, 'Medium', '2024-12-06 10:20:53'),
(573, 125, 1, 'Medium', '2024-12-06 10:28:53'),
(574, 125, 1, 'Medium', '2024-12-06 10:28:53'),
(575, 124, 1, 'Medium', '2024-12-06 10:36:29'),
(576, 124, 1, 'Medium', '2024-12-06 10:36:29'),
(577, 126, 1, 'Medium', '2024-12-06 10:39:52'),
(578, 126, 1, 'Medium', '2024-12-06 10:39:52'),
(579, 126, 1, 'Medium', '2024-12-06 10:40:01'),
(580, 126, 1, 'Medium', '2024-12-06 10:40:01'),
(581, 126, 1, 'Medium', '2024-12-06 10:41:18'),
(582, 126, 1, 'Medium', '2024-12-06 10:41:46'),
(583, 126, 1, 'Medium', '2024-12-06 10:41:46'),
(584, 124, 1, 'Medium', '2024-12-06 10:49:55'),
(585, 124, 1, 'Medium', '2024-12-06 10:49:55'),
(586, 124, 1, 'Medium', '2024-12-06 10:50:20'),
(587, 124, 1, 'Medium', '2024-12-06 10:50:20'),
(588, 124, 1, 'Medium', '2024-12-06 10:50:30'),
(589, 124, 1, 'Medium', '2024-12-06 10:50:30'),
(590, 124, 1, 'Medium', '2024-12-06 10:50:39'),
(591, 124, 1, 'Medium', '2024-12-06 10:50:39'),
(592, 124, 1, 'Medium', '2024-12-06 10:50:48'),
(593, 124, 1, 'Medium', '2024-12-06 10:50:48'),
(594, 123, 1, 'Medium', '2024-12-06 11:25:16'),
(595, 125, 1, 'Medium', '2024-12-06 11:25:16'),
(596, 122, 1, 'Large', '2024-12-06 11:25:16'),
(597, 123, 1, 'Medium', '2024-12-06 11:25:16'),
(598, 125, 1, 'Medium', '2024-12-06 11:25:16'),
(599, 122, 1, 'Medium', '2024-12-06 11:25:16'),
(600, 125, 1, 'Medium', '2024-12-06 12:56:20'),
(601, 125, 1, 'Medium', '2024-12-06 12:56:20'),
(602, 125, 1, 'Medium', '2024-12-06 12:58:06'),
(603, 125, 1, 'Medium', '2024-12-06 12:58:06'),
(604, 126, 1, 'Large', '2024-12-06 12:59:32'),
(605, 126, 1, 'Medium', '2024-12-06 12:59:32'),
(606, 125, 1, 'Medium', '2024-12-06 13:00:39'),
(607, 125, 1, 'Medium', '2024-12-06 13:00:39'),
(608, 124, 1, 'Medium', '2024-12-08 09:46:27'),
(609, 124, 1, 'Medium', '2024-12-08 09:46:27'),
(610, 123, 2, 'Medium', '2024-12-08 12:08:15'),
(611, 123, 2, 'Medium', '2024-12-08 12:08:15'),
(612, 125, 1, 'Medium', '2024-12-09 12:41:53'),
(613, 125, 1, 'Medium', '2024-12-09 12:41:53'),
(614, 124, 1, 'Medium', '2024-12-09 12:45:58'),
(615, 124, 1, 'Medium', '2024-12-09 12:45:58');

-- --------------------------------------------------------

--
-- Table structure for table `transactions`
--

CREATE TABLE `transactions` (
  `id` int(11) NOT NULL,
  `transaction_date` timestamp NOT NULL DEFAULT current_timestamp(),
  `total_amount` decimal(10,2) NOT NULL,
  `order_details` text NOT NULL,
  `payment_status` varchar(20) NOT NULL,
  `cash` decimal(10,2) NOT NULL,
  `price` decimal(10,2) NOT NULL
) ENGINE=InnoDB DEFAULT CHARSET=utf8mb4 COLLATE=utf8mb4_general_ci;

--
-- Dumping data for table `transactions`
--

INSERT INTO `transactions` (`id`, `transaction_date`, `total_amount`, `order_details`, `payment_status`, `cash`, `price`) VALUES
(9, '2024-10-08 06:45:02', 35.00, 'Okinawa  (Medium) x 1 (35.00 each)\\n', 'Paid', 0.00, 0.00),
(11, '2024-10-08 06:49:02', 35.00, 'Classic (Medium) x 1 (35.00 each)\\n', 'Paid', 0.00, 0.00),
(12, '2024-10-08 06:49:27', 35.00, 'Iced Americano (Medium) x 1 (35.00 each)\\n', 'Paid', 0.00, 0.00),
(13, '2024-10-08 06:50:10', 35.00, 'Classic (Medium) x 1 (35.00 each)\\n', 'Paid', 0.00, 0.00),
(14, '2024-10-08 06:51:04', 125.00, 'Iced Americano (Medium) x 1 (35.00 each)\\nClassic (Large) x 2 (45.00 each)\\n', 'Paid', 0.00, 0.00),
(15, '2024-10-08 14:49:36', 35.00, 'Winter Melon (Medium) x 1 (35.00 each)\\n', 'Paid', 0.00, 0.00),
(17, '2024-10-08 14:50:28', 35.00, 'Okinawa  (Medium) x 1 (35.00 each)\\n', 'Paid', 0.00, 0.00),
(18, '2024-10-08 15:00:51', 35.00, 'Iced Americano (Medium) x 1 (35.00 each)\\n', 'Paid', 0.00, 0.00),
(20, '2024-10-08 15:02:03', 35.00, 'Iced Americano (Medium) x 1 (35.00 each)\\n', 'Paid', 0.00, 0.00),
(21, '2024-10-08 15:06:38', 35.00, 'Dark Choco (Medium) x 1 (35.00 each)\\n', 'Paid', 0.00, 0.00),
(24, '2024-10-08 15:08:19', 35.00, 'Dark Choco (Medium) x 1 (35.00 each)\\n', 'Paid', 0.00, 0.00),
(26, '2024-10-08 15:19:54', 35.00, 'Okinawa  (Medium) x 1 (35.00 each)\\n', 'Paid', 0.00, 0.00),
(27, '2024-10-08 15:20:19', 35.00, 'Salted Caramel  (Medium) x 1 (35.00 each)\\n', 'Paid', 0.00, 0.00),
(28, '2024-10-08 15:20:44', 35.00, 'Classic (Medium) x 1 (35.00 each)\\n', 'Paid', 0.00, 0.00),
(29, '2024-10-08 15:25:36', 35.00, 'Salted Caramel  (Medium) x 1 (35.00 each)\\n', 'Paid', 0.00, 0.00),
(30, '2024-10-09 08:18:01', 35.00, 'Iced Americano (Medium) x 1 (35.00 each)\\n', 'Paid', 0.00, 0.00),
(31, '2024-10-09 08:23:24', 35.00, 'Iced Americano (Medium) x 1 (35.00 each)\\n', 'Paid', 0.00, 0.00),
(32, '2024-10-09 08:23:42', 35.00, 'Classic (Medium) x 1 (35.00 each)\\n', 'Paid', 0.00, 0.00),
(33, '2024-10-10 08:32:42', 70.00, 'Okinawa  (Medium) x 2 (35.00 each)\\n', 'Paid', 0.00, 0.00),
(34, '2024-10-10 08:45:45', 70.00, 'Winter Melon (Medium) x 1 (35.00 each)\\nIced Americano (Medium) x 1 (35.00 each)\\n', 'Paid', 0.00, 0.00),
(35, '2024-10-10 10:28:46', 35.00, 'Iced Americano (Medium) x 1 (35.00 each)\\n', 'Paid', 0.00, 0.00),
(36, '2024-10-11 13:31:18', 35.00, 'Iced Americano (Medium) x 1 (35.00 each)\\n', 'Paid', 0.00, 0.00),
(37, '2024-10-12 14:07:36', 35.00, 'Okinawa  (Medium) x 1 (35.00 each)\\n', 'Paid', 0.00, 0.00),
(38, '2024-10-12 14:53:08', 35.00, 'Salted Caramel  (Medium) x 1 (35.00 each)\\n', 'Paid', 0.00, 0.00),
(39, '2024-10-12 14:53:20', 35.00, 'Iced Americano (Medium) x 1 (35.00 each)\\n', 'Paid', 0.00, 0.00),
(40, '2024-10-12 15:28:52', 35.00, 'Salted Caramel  (Medium) x 1 (35.00 each)\\n', 'Paid', 0.00, 0.00),
(41, '2024-10-13 06:05:46', 35.00, 'Salted Caramel  (Medium) x 1 (35.00 each)\\n', 'Paid', 0.00, 0.00),
(42, '2024-10-13 06:14:34', 105.00, 'Iced Americano (Medium) x 1 (35.00 each)\\nRock Salt $ Cheese (Medium) x 2 (35.00 each)\\n', 'Paid', 0.00, 0.00),
(43, '2024-10-13 06:23:57', 35.00, 'Salted Caramel  (Medium) x 1 (35.00 each)\\n', 'Paid', 0.00, 0.00),
(46, '2024-10-13 06:45:14', 35.00, 'Iced Americano (Medium) x 1 (35.00 each)\\n', 'Paid', 0.00, 0.00),
(47, '2024-10-13 06:50:55', 35.00, 'Iced Americano (Medium) x 1 (35.00 each)\\n', 'Paid', 0.00, 0.00),
(48, '2024-10-13 06:56:42', 35.00, 'Winter Melon (Medium) x 1 (35.00 each)\\n', 'Paid', 0.00, 0.00),
(49, '2024-10-13 07:17:34', 35.00, 'Winter Melon (Medium) x 1 (35.00 each)\\n', 'Paid', 0.00, 0.00),
(50, '2024-10-13 07:19:13', 35.00, 'Iced Americano (Medium) x 1 (35.00 each)\\n', 'Paid', 0.00, 0.00),
(51, '2024-10-13 07:19:26', 35.00, 'Dark Choco (Medium) x 1 (35.00 each)\\n', 'Paid', 0.00, 0.00),
(52, '2024-10-13 07:20:26', 35.00, 'Iced Americano (Medium) x 1 (35.00 each)\\n', 'Paid', 0.00, 0.00),
(53, '2024-10-13 07:20:59', 35.00, 'Winter Melon (Medium) x 1 (35.00 each)\\n', 'Paid', 0.00, 0.00),
(54, '2024-10-13 09:05:48', 35.00, 'Classic (Medium) x 1 (35.00 each)\\n', 'Paid', 0.00, 0.00),
(55, '2024-10-13 12:07:25', 115.00, 'Iced Americano (Large) x 1 (45.00 each)\\nOkinawa  (Medium) x 2 (35.00 each)\\n', 'Paid', 0.00, 0.00),
(56, '2024-10-13 15:59:43', 35.00, 'Iced Americano (Medium) x 1 (35.00 each)\\n', 'Paid', 0.00, 0.00),
(57, '2024-10-13 16:12:50', 35.00, 'Iced Americano (Medium) x 1 (35.00 each)\\n', 'Paid', 0.00, 0.00),
(58, '2024-10-14 06:55:20', 80.00, 'Winter Melon (Medium) x 1 (35.00 each)\\nWinter Melon (Large) x 1 (45.00 each)\\n', 'Paid', 0.00, 0.00),
(59, '2024-10-14 07:24:06', 70.00, 'Iced Americano (Medium) x 2 (35.00 each)\\n', 'Paid', 0.00, 0.00),
(60, '2024-10-14 07:32:05', 35.00, 'Iced Americano (Medium) x 1 (35.00 each)\\n', 'Paid', 0.00, 0.00),
(61, '2024-10-14 07:32:17', 35.00, 'Winter Melon (Medium) x 1 (35.00 each)\\n', 'Paid', 0.00, 0.00),
(62, '2024-10-14 07:32:58', 205.00, 'Iced Americano (Medium) x 2 (35.00 each)\\nIced Americano (Large) x 3 (45.00 each)\\n', 'Paid', 0.00, 0.00),
(63, '2024-10-14 07:35:04', 35.00, 'Iced Americano (Medium) x 1 (35.00 each)', 'Paid', 0.00, 0.00),
(64, '2024-10-14 07:37:55', 35.00, 'Iced Americano (Medium) x 1 (35.00 each)\\n', 'Paid', 0.00, 0.00),
(65, '2024-10-14 07:38:33', 70.00, 'Classic (Medium) x 2 (35.00 each)\\n', 'Paid', 0.00, 0.00),
(66, '2024-10-14 07:38:47', 45.00, 'Iced Americano (Large) x 1 (45.00 each)\\n', 'Paid', 0.00, 0.00),
(67, '2024-10-14 07:41:29', 35.00, 'Iced Americano (Medium) x 1 (35.00 each)\\n', 'Paid', 0.00, 0.00),
(68, '2024-10-14 07:41:44', 35.00, 'Iced Americano (Medium) x 1 (35.00 each)\\n', 'Paid', 0.00, 0.00),
(69, '2024-10-14 07:44:43', 35.00, 'Iced Americano (Medium) x 1 (35.00 each)\\n', 'Paid', 0.00, 0.00),
(70, '2024-10-14 07:45:23', 540.00, 'Iced Americano (Large) x 12 (45.00 each)\\n', 'Paid', 0.00, 0.00),
(71, '2024-10-14 07:46:05', 35.00, 'Iced Americano (Medium) x 1 (35.00 each)\\n', 'Paid', 0.00, 0.00),
(72, '2024-10-14 07:46:22', 35.00, 'Iced Americano (Medium) x 1 (35.00 each)\\n', 'Paid', 0.00, 0.00),
(73, '2024-10-14 07:47:03', 35.00, 'Iced Americano (Medium) x 1 (35.00 each)\\n', 'Paid', 0.00, 0.00),
(74, '2024-10-14 07:47:53', 35.00, 'Iced Americano (Medium) x 1 (35.00 each)\\n', 'Paid', 0.00, 0.00),
(75, '2024-10-14 07:48:58', 35.00, 'Iced Americano (Medium) x 1 (35.00 each)\\n', 'Paid', 0.00, 0.00),
(76, '2024-10-14 07:52:35', 35.00, 'Iced Americano (Medium) x 1 (35.00 each)\\n', 'Paid', 0.00, 0.00),
(77, '2024-10-14 07:52:45', 105.00, 'Iced Americano (Medium) x 3 (35.00 each)\\n', 'Paid', 0.00, 0.00),
(78, '2024-10-14 07:53:09', 805.00, 'Classic (Medium) x 23 (35.00 each)\\n', 'Paid', 0.00, 0.00),
(79, '2024-10-14 08:00:04', 35.00, 'Classic (Medium) x 1 (35.00 each)\\n', 'Paid', 0.00, 0.00),
(80, '2024-10-14 08:00:46', 805.00, 'Classic (Medium) x 23 (35.00 each)\\n', 'Paid', 0.00, 0.00),
(81, '2024-10-14 08:03:46', 230.00, 'Iced Americano (Medium) x 2 (35.00 each)\\nVanilla (Medium) x 2 (35.00 each)\\nClassic (Large) x 2 (45.00 each)\\n', 'Paid', 0.00, 0.00),
(82, '2024-10-14 08:11:02', 210.00, 'Vanilla (Medium) x 6 (35.00 each)\\n', 'Paid', 0.00, 0.00),
(83, '2024-10-14 08:18:13', 160.00, 'Winter Melon (Medium) x 2 (35.00 each)\\nWinter Melon (Large) x 2 (45.00 each)\\n', 'Paid', 0.00, 0.00),
(84, '2024-10-14 10:17:10', 35.00, 'Winter Melon (Medium) x 1 (35.00 each)\\n', 'Paid', 0.00, 0.00),
(85, '2024-10-14 10:32:21', 700.00, 'Salted Caramel  (Medium) x 20 (35.00 each)\\n', 'Paid', 0.00, 0.00),
(86, '2024-10-14 10:48:58', 70.00, 'Winter Melon (Medium) x 2 (35.00 each)\\n', 'Paid', 0.00, 0.00),
(87, '2024-10-14 11:11:58', 70.00, 'Okinawa  (Medium) x 2 (35.00 each)\\n', 'Paid', 0.00, 0.00),
(88, '2024-10-14 13:35:19', 35.00, 'Iced Americano (Medium) x 1 (35.00 each)\\n', 'Paid', 0.00, 0.00),
(89, '2024-10-14 13:43:44', 35.00, 'Winter Melon (Medium) x 1 (35.00 each)\\n', 'Paid', 0.00, 0.00),
(90, '2024-10-14 13:54:04', 35.00, 'Winter Melon x 1 (35.00 each)\\n', 'Paid', 0.00, 0.00),
(91, '2024-10-14 13:57:56', 35.00, 'Iced Americano (Medium) x 1 (35.00 each)\\n', 'Paid', 0.00, 0.00),
(92, '2024-10-14 13:58:14', 35.00, 'Iced Americano (Medium) x 1 (35.00 each)\\n', 'Paid', 0.00, 0.00),
(93, '2024-10-14 13:58:44', 35.00, 'Iced Americano (Medium) x 1 (35.00 each)\\n', 'Paid', 0.00, 0.00),
(94, '2024-10-14 14:16:26', 35.00, 'Iced Americano (Medium) x 1 (35.00 each)\\n', 'Paid', 0.00, 0.00),
(95, '2024-10-14 14:17:19', 35.00, 'Iced Americano (Medium) x 1 (35.00 each)\\n', 'Paid', 0.00, 0.00),
(96, '2024-10-14 14:17:51', 45.00, 'Winter Melon (Large) x 1 (45.00 each)\\n', 'Paid', 0.00, 0.00),
(97, '2024-10-14 14:22:41', 35.00, 'Iced Americano (Medium) x 1 (35.00 each)\\n', 'Paid', 0.00, 0.00),
(98, '2024-10-14 14:26:02', 35.00, 'Iced Americano (Medium) x 1 (35.00 each)\\n', 'Paid', 0.00, 0.00),
(99, '2024-10-14 14:26:27', 35.00, 'Iced Americano (Medium) x 1 (35.00 each)\\n', 'Paid', 0.00, 0.00),
(100, '2024-10-14 14:27:05', 35.00, 'Winter Melon (Medium) x 1 (35.00 each)\\n', 'Paid', 0.00, 0.00),
(101, '2024-10-14 14:28:00', 35.00, 'Iced Americano (Medium) x 1 (35.00 each)\\n', 'Paid', 0.00, 0.00),
(102, '2024-10-14 14:28:34', 35.00, 'Iced Americano (Medium) x 1 (35.00 each)\\n', 'Paid', 0.00, 0.00),
(103, '2024-10-14 14:28:59', 35.00, 'Iced Americano (Medium) x 1 (35.00 each)\\n', 'Paid', 0.00, 0.00),
(104, '2024-10-14 14:29:40', 35.00, 'Iced Americano (Medium) x 1 (35.00 each)\\n', 'Paid', 0.00, 0.00),
(105, '2024-10-14 14:30:01', 35.00, 'Iced Americano (Medium) x 1 (35.00 each)\\n', 'Paid', 0.00, 0.00),
(106, '2024-10-14 14:34:11', 45.00, 'Iced Americano (Large) x 1 (45.00 each)\\n', 'Paid', 0.00, 0.00),
(107, '2024-10-14 14:34:53', 35.00, 'Iced Americano (Medium) x 1 (35.00 each)\\n', 'Paid', 0.00, 0.00),
(108, '2024-10-14 14:48:50', 35.00, 'Iced Americano (Medium) x 1 (35.00 each)\\n', 'Paid', 0.00, 0.00),
(109, '2024-10-14 14:49:16', 45.00, 'Iced Americano (Large) x 1 (45.00 each)\\n', 'Paid', 0.00, 0.00),
(110, '2024-10-14 15:08:27', 35.00, 'Iced Americano (Medium) x 1 (35.00 each)\\n', 'Paid', 0.00, 0.00),
(111, '2024-10-14 15:09:35', 35.00, 'Iced Americano (Medium) x 1 (35.00 each)\\n', 'Paid', 0.00, 0.00),
(112, '2024-10-14 15:23:21', 35.00, 'Iced Americano (Medium) x 1 (35.00 each)\\n', 'Paid', 0.00, 0.00),
(113, '2024-10-14 15:23:39', 35.00, 'Iced Americano (Medium) x 1 (35.00 each)\\n', 'Paid', 0.00, 0.00),
(114, '2024-10-14 15:31:19', 35.00, 'Iced Americano (Medium) x 1 (35.00 each)\\n', 'Paid', 0.00, 0.00),
(115, '2024-10-14 15:34:14', 35.00, 'Iced Americano (Medium) x 1 (35.00 each)\\n', 'Paid', 0.00, 0.00),
(116, '2024-10-14 15:43:43', 35.00, 'Iced Americano (Medium) x 1 (35.00 each)\\n', 'Paid', 0.00, 0.00),
(117, '2024-10-15 05:35:11', 35.00, 'Iced Americano (Medium) x 1 (35.00 each)\\n', 'Paid', 0.00, 0.00),
(118, '2024-10-15 05:40:44', 35.00, 'Iced Americano (Medium) x 1 (35.00 each)\\n', 'Paid', 0.00, 0.00),
(119, '2024-10-15 05:44:53', 80.00, 'Iced Americano (Medium) x 1 (35.00 each)\\nWinter Melon (Large) x 1 (45.00 each)\\n', 'Paid', 0.00, 0.00),
(120, '2024-10-15 05:48:09', 115.00, 'Iced Americano (Large) x 1 (45.00 each)\\nWinter Melon (Medium) x 2 (35.00 each)\\n', 'Paid', 0.00, 0.00),
(121, '2024-10-15 05:51:01', 80.00, 'Iced Americano (Medium) x 1 (35.00 each)\\nVanilla (Large) x 1 (45.00 each)\\n', 'Paid', 0.00, 0.00),
(122, '2024-10-15 05:53:50', 35.00, 'Iced Americano (Medium) x 1 (35.00 each)\\n', 'Paid', 0.00, 0.00),
(123, '2024-10-15 05:55:00', 35.00, 'Iced Americano (Medium) x 1 (35.00 each)\\n', 'Paid', 0.00, 0.00),
(124, '2024-10-15 05:59:22', 35.00, 'Okinawa  (Medium) x 1 (35.00 each)\\n', 'Paid', 0.00, 0.00),
(125, '2024-10-15 06:07:27', 35.00, 'Iced Americano (Medium) x 1 (35.00 each)\\n', 'Paid', 0.00, 0.00),
(126, '2024-10-15 06:08:45', 240.00, 'Winter Melon (Medium) x 2 (35.00 each)\\nIced Americano (Medium) x 1 (35.00 each)\\nIced Americano (Large) x 3 (45.00 each)\\n', 'Paid', 0.00, 0.00),
(127, '2024-10-15 06:09:47', 45.00, 'Iced Americano (Large) x 1 (45.00 each)\\n', 'Paid', 0.00, 0.00),
(128, '2024-10-15 06:14:03', 90.00, 'Iced Americano (Large) x 2 (45.00 each)\\n', 'Paid', 0.00, 0.00),
(129, '2024-10-15 06:19:21', 45.00, 'Iced Americano (Large) x 1 (45.00 each)\\n', 'Paid', 0.00, 0.00),
(130, '2024-10-15 06:19:41', 35.00, 'Iced Americano (Medium) x 1 (35.00 each)\\n', 'Paid', 0.00, 0.00),
(131, '2024-10-15 06:20:44', 35.00, 'Iced Americano (Medium) x 1 (35.00 each)\\n', 'Paid', 0.00, 0.00),
(132, '2024-10-15 06:21:38', 80.00, 'Winter Melon (Medium) x 1 (35.00 each)\\nWinter Melon (Large) x 1 (45.00 each)\\n', 'Paid', 0.00, 0.00),
(133, '2024-10-15 06:27:49', 80.00, 'Iced Americano (Medium) x 1 (35.00 each)\\nIced Americano (Large) x 1 (45.00 each)\\n', 'Paid', 0.00, 0.00),
(134, '2024-10-15 06:28:01', 80.00, 'Iced Americano (Medium) x 1 (35.00 each)\\nIced Americano (Large) x 1 (45.00 each)\\n', 'Paid', 0.00, 0.00),
(135, '2024-10-15 06:28:21', 35.00, 'Iced Americano (Medium) x 1 (35.00 each)\\n', 'Paid', 0.00, 0.00),
(136, '2024-10-15 06:31:13', 35.00, 'Winter Melon (Medium) x 1 (35.00 each)\\n', 'Paid', 0.00, 0.00),
(137, '2024-10-15 06:37:12', 35.00, 'Iced Americano (Medium) x 1 (35.00 each)\\n', 'Paid', 0.00, 0.00),
(138, '2024-10-15 06:37:32', 80.00, 'Iced Americano (Large) x 1 (45.00 each)\\nIced Americano (Medium) x 1 (35.00 each)\\n', 'Paid', 0.00, 0.00),
(139, '2024-10-15 06:38:38', 35.00, 'Iced Americano (Medium) x 1 (35.00 each)\\n', 'Paid', 0.00, 0.00),
(140, '2024-10-15 07:02:16', 35.00, 'Iced Americano (Medium) x 1 (35.00 each)\\n', 'Paid', 0.00, 0.00),
(141, '2024-10-15 07:03:42', 35.00, 'Iced Americano (Medium) x 1 (35.00 each)\\n', 'Paid', 0.00, 0.00),
(142, '2024-10-15 07:04:28', 35.00, 'Iced Americano (Medium) x 1 (35.00 each)\\n', 'Paid', 0.00, 0.00),
(143, '2024-10-15 07:04:35', 35.00, 'Iced Americano (Medium) x 1 (35.00 each)\\n', 'Paid', 0.00, 0.00),
(144, '2024-10-15 07:07:29', 35.00, 'Iced Americano (Medium) x 1 (35.00 each)\\n', 'Paid', 0.00, 0.00),
(145, '2024-10-15 07:08:30', 35.00, 'Iced Americano (Medium) x 1 (35.00 each)\\n', 'Paid', 0.00, 0.00),
(146, '2024-10-15 07:09:08', 35.00, 'Iced Americano (Medium) x 1 (35.00 each)\\n', 'Paid', 0.00, 0.00),
(147, '2024-10-15 07:09:14', 35.00, 'Iced Americano (Medium) x 1 (35.00 each)\\n', 'Paid', 0.00, 0.00),
(148, '2024-10-15 07:09:42', 35.00, 'Iced Americano (Medium) x 1 (35.00 each)\\n', 'Paid', 0.00, 0.00),
(149, '2024-10-15 07:51:13', 35.00, 'Iced Americano (Medium) x 1 (35.00 each)\\n', 'Paid', 0.00, 0.00),
(150, '2024-10-15 07:55:04', 35.00, 'Iced Americano (Medium) x 1 (35.00 each)\\n', 'Paid', 0.00, 0.00),
(151, '2024-10-15 07:55:27', 35.00, 'Iced Americano (Medium) x 1 (35.00 each)\\n', 'Paid', 0.00, 0.00),
(152, '2024-10-15 07:57:54', 31.50, 'Iced Americano (Medium) x 1 (31.5 each)\\n', 'Paid', 0.00, 0.00),
(153, '2024-10-15 07:58:21', 31.50, 'Iced Americano (Medium) x 1 (31.5 each)\\n', 'Paid', 0.00, 0.00),
(154, '2024-10-15 07:58:43', 31.50, 'Okinawa  (Medium) x 1 (31.5 each)\\n', 'Paid', 0.00, 0.00),
(155, '2024-10-15 07:59:20', 35.00, 'Okinawa  (Medium) x 1 (35.00 each)\\n', 'Paid', 0.00, 0.00),
(156, '2024-10-15 08:02:05', 35.00, 'Winter Melon (Medium) x 1 (35.00 each)\\n', 'Paid', 0.00, 0.00),
(157, '2024-10-15 14:45:24', 31.50, 'Okinawa  (Medium) x 1 (31.50 each)\\n', 'Paid', 0.00, 0.00),
(158, '2024-10-15 14:50:55', 31.50, 'Iced Americano (Medium) x 1 (31.50 each)\\n', 'Paid', 0.00, 0.00),
(159, '2024-10-15 14:51:15', 45.00, 'Iced Americano (Large) x 1 (45.00 each)\\n', 'Paid', 0.00, 0.00),
(160, '2024-10-15 14:55:03', 45.00, 'Iced Americano (Large) x 1 (45.00 each)\\n', 'Paid', 0.00, 0.00),
(161, '2024-10-15 14:56:48', 160.00, 'Java Chip (Large) x 2 (45.00 each)\\nJava Chip (Medium) x 2 (35.00 each)\\n', 'Paid', 0.00, 0.00),
(162, '2024-10-15 15:07:53', 80.00, 'Taro (Large) x 1 (45.00 each)\\nTaro (Medium) x 1 (35.00 each)\\n', 'Paid', 0.00, 0.00),
(163, '2024-10-16 05:29:00', 45.00, 'Iced Americano (Large) x 1 (45.00 each)\\n', 'Paid', 0.00, 0.00),
(164, '2024-10-16 05:30:46', 115.00, 'Dark Choco (Large) x 1 (45.00 each)\\nDark Choco (Medium) x 2 (35.00 each)\\n', 'Paid', 0.00, 0.00),
(165, '2024-10-16 05:47:45', 80.00, 'Java Chip (Large) x 1 (45.00 each)\\nTaro (Medium) x 1 (35.00 each)\\n', 'Paid', 0.00, 0.00),
(166, '2024-10-16 05:51:42', 80.00, 'Iced Americano (Medium) x 1 (35.00 each)\\nClassic (Large) x 1 (45.00 each)\\n', 'Paid', 0.00, 0.00),
(167, '2024-10-16 05:52:43', 45.00, 'Iced Americano (Large) x 1 (45.00 each)\\n', 'Paid', 0.00, 0.00),
(168, '2024-10-16 05:53:20', 80.00, 'Okinawa  (Large) x 1 (45.00 each)\\nOkinawa  (Medium) x 1 (35.00 each)\\n', 'Paid', 0.00, 0.00),
(169, '2024-10-16 06:14:16', 35.00, 'Iced Americano (Medium) x 1 (35.00 each)\\n', 'Paid', 0.00, 0.00),
(170, '2024-10-16 06:45:03', 150.00, 'Okinawa  (Medium) x 1 (35.00 each)\\nWinter Melon (Medium) x 2 (35.00 each)\\nVanilla (Large) x 1 (45.00 each)\\n', 'Paid', 0.00, 0.00),
(171, '2024-10-16 06:49:14', 80.00, 'Okinawa  (Medium) x 1 (35.00 each)\\nVanilla (Large) x 1 (45.00 each)\\n', 'Paid', 0.00, 0.00),
(172, '2024-10-16 07:09:42', 125.00, 'Okinawa  (Medium) x 1 (35.00 each)\\nOkinawa  (Large) x 2 (45.00 each)\\n', 'Paid', 0.00, 0.00),
(173, '2024-10-16 07:12:12', 80.00, 'Caramel Macchiato (Large) x 1 (45.00 each)\\nCaramel Macchiato (Medium) x 1 (35.00 each)\\n', 'Paid', 0.00, 0.00),
(174, '2024-10-16 07:28:59', 80.00, 'Dark Choco (Medium) x 1 (35.00 each)\\nDark Choco (Large) x 1 (45.00 each)\\n', 'Paid', 0.00, 0.00),
(175, '2024-10-16 07:30:08', 70.00, 'Classic (Medium) x 2 (35.00 each)\\n', 'Paid', 0.00, 0.00),
(176, '2024-10-16 08:03:37', 35.00, 'Classic (Medium) x 1 (35.00 each)\\n', 'Paid', 0.00, 0.00),
(177, '2024-10-16 12:30:22', 35.00, 'Java Chip (Medium) x 1 (35.00 each)\\n', 'Paid', 0.00, 0.00),
(178, '2024-10-16 12:39:28', 125.00, 'Winter Melon (Large) x 1 (45.00 each)\\nSalted Caramel  (Medium) x 1 (35.00 each)\\nSalted Caramel  (Large) x 1 (45.00 each)\\n', 'Paid', 0.00, 0.00),
(179, '2024-10-16 12:40:49', 400.00, 'Cafe Latte (Medium) x 5 (35.00 each)\\nCafe Latte (Large) x 5 (45.00 each)\\n', 'Paid', 0.00, 0.00),
(180, '2024-10-16 13:05:50', 45.00, 'Winter Melon (Large) x 1 (45.00 each)\\n', 'Paid', 0.00, 0.00),
(181, '2024-10-16 13:39:10', 35.00, 'Classic (Medium) x 1 (35.00 each)\\n', 'Paid', 0.00, 0.00),
(182, '2024-10-17 04:32:49', 35.00, 'Classic (Medium) x 1 (35.00 each)\\n', 'Paid', 0.00, 0.00),
(183, '2024-10-17 04:36:37', 45.00, 'Winter Melon (Large) x 1 (45.00 each)\\n', 'Paid', 0.00, 0.00),
(184, '2024-10-17 04:46:44', 35.00, 'Choco Mousse (Medium) x 1 (35.00 each)\\n', 'Paid', 0.00, 0.00),
(185, '2024-10-17 04:53:21', 45.00, 'Okinawa  (Large) x 1 (45.00 each)\\n', 'Paid', 0.00, 0.00),
(186, '2024-10-17 07:50:35', 90.00, 'Classic (Large) x 2 (45.00 each)\\n', 'Paid', 0.00, 0.00),
(187, '2024-10-17 08:42:14', 80.00, 'French Vanilla (Medium) x 1 (35.00 each)\\nFrench Vanilla (Large) x 1 (45.00 each)\\n', 'Paid', 0.00, 0.00),
(188, '2024-10-17 14:14:04', 35.00, 'Okinawa  (Medium) x 1 (35.00 each)\\n', 'Paid', 0.00, 0.00),
(189, '2024-10-17 15:14:31', 45.00, 'Salted Caramel  (Large) x 1 (45.00 each)\\n', 'Paid', 0.00, 0.00),
(190, '2024-10-17 15:15:21', 45.00, 'Salted Caramel  (Large) x 1 (45.00 each)\\n', 'Paid', 0.00, 0.00),
(191, '2024-10-17 15:39:07', 35.00, 'Salted Caramel  (Medium) x 1 (35.00 each)\\n', 'Paid', 0.00, 0.00),
(192, '2024-10-17 15:40:54', 35.00, 'Classic (Medium) x 1 (35.00 each)\\n', 'Paid', 0.00, 0.00),
(193, '2024-10-17 15:45:28', 35.00, 'Choco Mousse (Medium) x 1 (35.00 each)\\n', 'Paid', 0.00, 0.00),
(194, '2024-10-17 15:46:06', 45.00, 'Coffee (Large) x 1 (45.00 each)\\n', 'Paid', 0.00, 0.00),
(195, '2024-10-17 15:47:11', 35.00, 'Vanilla (Medium) x 1 (35.00 each)\\n', 'Paid', 0.00, 0.00),
(196, '2024-10-17 15:50:10', 35.00, 'Vanilla (Medium) x 1 (35.00 each)\\n', 'Paid', 0.00, 0.00),
(197, '2024-10-17 15:53:47', 35.00, 'Dark Choco (Medium) x 1 (35.00 each)\\n', 'Paid', 0.00, 0.00),
(198, '2024-10-18 06:05:39', 35.00, 'Dark Choco (Medium) x 1 (35.00 each)\\n', 'Paid', 0.00, 0.00),
(199, '2024-10-18 06:09:19', 35.00, 'Vanilla (Medium) x 1 (35.00 each)\\n', 'Paid', 0.00, 0.00),
(200, '2024-10-18 06:12:46', 35.00, 'Java Chip (Medium) x 1 (35.00 each)\\n', 'Paid', 0.00, 0.00),
(201, '2024-10-18 06:18:03', 80.00, 'Okinawa  (Medium) x 1 (35.00 each)\\nJava Chip (Large) x 1 (45.00 each)\\n', 'Paid', 0.00, 0.00),
(202, '2024-10-18 06:20:47', 35.00, 'Salted Caramel  (Medium) x 1 (35.00 each)\\n', '', 0.00, 0.00),
(209, '2024-10-18 07:56:07', 35.00, 'Classic (Medium) x 1 (35.00 each)\\n', 'Paid', 0.00, 0.00),
(210, '2024-10-18 07:57:40', 35.00, 'Dark Choco (Medium) x 1 (35.00 each)\\n', 'Paid', 0.00, 0.00),
(211, '2024-10-18 08:02:24', 35.00, 'Taro (Medium) x 1 (35.00 each)\\n', 'Paid', 0.00, 0.00),
(252, '2024-10-22 16:12:34', 35.00, 'Salted Caramel  (Medium) x 1 (35.00 each)\\n', 'Paid', 0.00, 0.00),
(253, '2024-10-22 16:12:51', 45.00, 'Matcha  (Large) x 1 (45.00 each)\\n', 'Paid', 0.00, 0.00),
(254, '2024-10-22 16:15:53', 125.00, 'Classic (Medium) x 1 (35.00 each)\\nVanilla (Large) x 2 (45.00 each)\\n', 'Paid', 0.00, 0.00),
(255, '2024-10-23 05:32:00', 80.00, 'Classic (Medium) x 1 (35.00 each)\\nVanilla (Large) x 1 (45.00 each)\\n', 'Paid', 0.00, 0.00),
(256, '2024-10-23 05:56:38', 80.00, 'Iced Americano (Medium) x 1 (35.00 each)\\nIced Americano (Large) x 1 (45.00 each)\\n', 'Paid', 0.00, 0.00),
(257, '2024-10-23 06:12:16', 35.00, 'Salted Caramel  (Medium) x 1 (35.00 each)\\n', 'Paid', 0.00, 0.00),
(258, '2024-10-23 09:45:31', 35.00, 'Vanilla (Medium) x 1 (35.00 each)\\n', 'Paid', 0.00, 0.00),
(259, '2024-10-23 10:00:29', 35.00, 'Choco Mousse (Medium) x 1 (35.00 each)\\n', 'Paid', 0.00, 0.00),
(260, '2024-10-27 09:18:13', 35.00, 'Iced Americano (Medium) x 1 (35.00 each)\\n', 'Paid', 0.00, 0.00),
(261, '2024-10-27 12:22:15', 35.00, 'Winter Melon (Medium) x 1 (35.00 each)\\n', 'Paid', 0.00, 0.00),
(262, '2024-10-27 12:22:26', 35.00, 'Choco Mousse (Medium) x 1 (35.00 each)\\n', 'Paid', 0.00, 0.00),
(263, '2024-10-27 12:23:06', 90.00, 'Vanilla (Large) x 2 (45.00 each)\\n', 'Paid', 0.00, 0.00),
(264, '2024-10-29 04:25:00', 80.00, 'Vanilla (Medium) x 1 (35.00 each)\\nVanilla (Large) x 1 (45.00 each)\\n', 'Paid', 0.00, 0.00),
(265, '2024-10-29 04:42:35', 35.00, 'Classic (Medium) x 1 (35.00 each)\\n', 'Paid', 0.00, 0.00),
(266, '2024-10-29 04:47:35', 45.00, 'Okinawa  (Large) x 1 (45.00 each)\\n', 'Paid', 0.00, 0.00),
(267, '2024-10-29 05:16:15', 80.00, 'Okinawa  (Medium) x 1 (35.00 each)\\nJava Chip (Large) x 1 (45.00 each)\\n', 'Paid', 0.00, 0.00),
(268, '2024-10-29 14:52:33', 80.00, 'Okinawa  (Medium) x 1 (35.00 each)\\nVanilla (Large) x 1 (45.00 each)\\n', 'Paid', 0.00, 0.00),
(269, '2024-10-31 07:23:58', 45.00, 'Salted Caramel  (Large) x 1 (45.00 each)\\n', 'Paid', 0.00, 0.00),
(270, '2024-10-31 07:24:25', 35.00, 'Dark Choco (Medium) x 1 (35.00 each)\\n', 'Paid', 0.00, 0.00),
(271, '2024-11-07 11:04:45', 80.00, 'French Vanilla (Medium) x 1 (35.00 each)\\nFrench Vanilla (Large) x 1 (45.00 each)\\n', 'Paid', 0.00, 0.00),
(272, '2024-11-11 04:14:39', 400.00, 'Dark Choco (Medium) x 5 (35.00 each)\\nChoco Mousse (Large) x 5 (45.00 each)\\n', 'Paid', 0.00, 0.00),
(273, '2024-11-11 04:38:57', 35.00, 'Dark Choco (Medium) x 1 (35.00 each)\\n', 'Paid', 0.00, 0.00),
(274, '2024-11-11 04:46:57', 35.00, 'Dark Choco (Medium) x 1 (35.00 each)\\n', 'Paid', 0.00, 0.00),
(275, '2024-11-11 04:51:06', 35.00, 'Classic (Medium) x 1 (35.00 each)\\n', 'Paid', 0.00, 0.00),
(276, '2024-11-11 05:00:52', 35.00, 'Salted Caramel  (Medium) x 1 (35.00 each)\\n', 'Paid', 0.00, 0.00),
(277, '2024-11-11 05:01:03', 90.00, 'Choco Mousse (Large) x 2 (45.00 each)\\n', 'Paid', 0.00, 0.00),
(278, '2024-11-11 05:14:41', 35.00, 'Okinawa  (Medium) x 1 (35.00 each)\\n', 'Paid', 0.00, 0.00),
(279, '2024-11-11 05:14:48', 35.00, 'Matcha  (Medium) x 1 (35.00 each)\\n', 'Paid', 0.00, 0.00),
(280, '2024-11-11 05:19:48', 35.00, 'Vanilla (Medium) x 1 (35.00 each)\\n', 'Paid', 0.00, 0.00),
(281, '2024-11-11 05:36:36', 80.00, 'Okinawa  (Medium) x 1 (35.00 each)\\nMatcha  (Large) x 1 (45.00 each)\\n', 'Paid', 0.00, 0.00),
(282, '2024-11-11 05:38:03', 400.00, 'Cappuccino  (Medium) x 5 (35.00 each)\\nCappuccino  (Large) x 5 (45.00 each)\\n', 'Paid', 0.00, 0.00),
(283, '2024-11-11 11:02:03', 35.00, 'Classic (Medium) x 1 (35.00 each)\\n', 'Paid', 0.00, 0.00),
(284, '2024-11-11 11:16:35', 351.00, 'Winter Melon (Medium) x 1 (351.00 each)\\n', 'Paid', 0.00, 0.00),
(285, '2024-11-13 05:09:08', 80.00, 'Dark Choco (Medium) x 1 (35.00 each)\\nVanilla (Large) x 1 (45.00 each)\\n', 'Paid', 0.00, 0.00),
(286, '2024-11-13 09:38:04', 35.00, 'Dark Choco (Medium) x 1 (35.00 each)\\n', 'Paid', 0.00, 0.00),
(287, '2024-11-13 09:42:57', 35.00, 'Okinawa  (Medium) x 1 (35.00 each)\\n', 'Paid', 0.00, 0.00),
(288, '2024-11-13 10:28:11', 80.00, 'Taro (Medium) x 1 (35.00 each)\\nMatcha  (Large) x 1 (45.00 each)\\n', 'Paid', 0.00, 0.00),
(289, '2024-11-17 09:19:52', 80.00, 'Cheesecake (Medium) x 1 (35.00 each)\\nMatcha  (Large) x 1 (45.00 each)\\n', 'Paid', 0.00, 0.00),
(290, '2024-11-17 12:21:09', 70.00, 'Okinawa  (Medium) x 1 (35.00 each)\\nCheesecake (Medium) x 1 (35.00 each)\\n', 'Paid', 0.00, 0.00),
(291, '2024-11-19 02:32:52', 35.00, 'Matcha  (Medium) x 1 (35.00 each)\\n', 'Paid', 0.00, 0.00),
(292, '2024-11-19 02:39:17', 35.00, 'Hokkaido  (Medium) x 1 (35.00 each)\\n', 'Paid', 0.00, 0.00),
(293, '2024-11-19 02:41:05', 45.00, 'Taro (Large) x 1 (45.00 each)\\n', 'Paid', 0.00, 0.00),
(294, '2024-11-19 02:44:29', 80.00, 'Hokkaido  (Medium) x 1 (35.00 each)\\nHokkaido  (Large) x 1 (45.00 each)\\n', 'Paid', 0.00, 0.00),
(295, '2024-11-20 03:23:38', 35.00, 'Taro (Medium) x 1 (35.00 each)\\n', 'Paid', 0.00, 0.00),
(296, '2024-11-20 03:45:24', 35.00, 'Hokkaido  (Medium) x 1 (35.00 each)\\n', 'Paid', 0.00, 0.00),
(297, '2024-11-20 04:02:31', 45.00, 'Hokkaido  (Large) x 1 (45.00 each)\\n', 'Paid', 0.00, 0.00),
(298, '2024-11-20 04:08:25', 225.00, 'Iced Americano (Large) x 5 (45.00 each)\\n', 'Paid', 0.00, 0.00),
(299, '2024-11-20 04:11:26', 225.00, 'Classic (Large) x 5 (45.00 each)\\n', 'Paid', 0.00, 0.00),
(300, '2024-11-20 04:27:03', 80.00, 'Salted Caramel  (Medium) x 1 (35.00 each)\\nCheesecake (Large) x 1 (45.00 each)\\n', 'Paid', 0.00, 0.00),
(301, '2024-11-20 04:40:44', 35.00, 'Classic (Medium) x 1 (35.00 each)\\n', 'Paid', 0.00, 0.00),
(302, '2024-11-20 05:07:54', 125.00, 'Classic (Medium) x 1 (35.00 each)\\nMatcha  (Large) x 2 (45.00 each)\\n', 'Paid', 0.00, 0.00),
(303, '2024-11-20 05:10:19', 115.00, 'Coffee (Medium) x 2 (35.00 each)\\nJava Chip (Large) x 1 (45.00 each)\\n', 'Paid', 0.00, 0.00),
(304, '2024-11-20 05:10:26', 35.00, 'Cheesecake (Medium) x 1 (35.00 each)\\n', 'Paid', 0.00, 0.00),
(305, '2024-11-20 05:10:47', 195.00, 'Okinawa  (Medium) x 1 (35.00 each)\\nCaramel Macchiato (Large) x 2 (45.00 each)\\nCaramel Macchiato (Medium) x 2 (35.00 each)\\n', 'Paid', 0.00, 0.00),
(306, '2024-11-20 05:15:08', 35.00, 'Salted Caramel  (Medium) x 1 (35.00 each)\\n', 'Paid', 0.00, 0.00),
(307, '2024-11-20 05:15:32', 225.00, 'Matcha  (Large) x 5 (45.00 each)\\n', 'Paid', 0.00, 0.00),
(308, '2024-11-20 05:25:48', 35.00, 'Hokkaido  (Medium) x 1 (35.00 each)\\n', 'Paid', 0.00, 0.00),
(309, '2024-11-20 09:10:40', 105.00, 'Hokkaido  (Medium) x 1 (35.00 each)\\nSalted Caramel  (Medium) x 2 (35.00 each)\\n', 'Paid', 0.00, 0.00),
(310, '2024-11-20 09:11:27', 90.00, 'Taro (Large) x 2 (45.00 each)\\n', 'Paid', 0.00, 0.00),
(311, '2024-11-20 09:15:42', 35.00, 'Hokkaido  (Medium) x 1 (35.00 each)\\n', 'Paid', 0.00, 0.00),
(312, '2024-11-20 09:16:11', 45.00, 'Salted Caramel  (Large) x 1 (45.00 each)\\n', 'Paid', 0.00, 0.00),
(313, '2024-11-20 11:03:29', 35.00, 'Winter Melon (Medium) x 1 (35.00 each)\\n', 'Paid', 0.00, 0.00),
(314, '2024-11-20 13:12:19', 35.00, 'Okinawa  (Medium) x 1 (35.00 each)\\n', 'Paid', 0.00, 0.00),
(315, '2024-11-20 13:30:41', 35.00, 'Hokkaido  (Medium) x 1 (35.00 each)\\n', 'Paid', 0.00, 0.00),
(316, '2024-11-20 13:31:33', 35.00, 'Java Chip (Medium) x 1 (35.00 each)\\n', 'Paid', 0.00, 0.00),
(317, '2024-11-20 13:35:42', 105.00, 'Taro (Medium) x 1 (35.00 each)\\nCookies $ Cream (Medium) x 1 (35.00 each)\\nRock Salt $ Cheese (Medium) x 1 (35.00 each)\\n', 'Paid', 0.00, 0.00),
(318, '2024-11-20 14:56:13', 35.00, 'Java Chip (Medium) x 1 (35.00 each)\\n', 'Paid', 0.00, 0.00),
(319, '2024-11-21 04:39:45', 195.00, 'Matcha  (Medium) x 1 (35.00 each)\\nJava Chip (Medium) x 2 (35.00 each)\\nJava Chip (Large) x 2 (45.00 each)\\n', 'Paid', 0.00, 0.00),
(320, '2024-11-21 05:15:34', 80.00, 'Cafe Latte (Medium) x 1 (35.00 each)\\nCafe Latte (Large) x 1 (45.00 each)\\n', 'Paid', 0.00, 0.00),
(321, '2024-11-22 03:48:13', 35.00, 'Vanilla (Medium) x 1 (35.00 each)\\n', 'Paid', 0.00, 0.00),
(322, '2024-11-22 03:49:06', 35.00, 'Hokkaido  (Medium) x 1 (35.00 each)\\n', 'Paid', 0.00, 0.00),
(323, '2024-11-22 03:49:29', 45.00, 'Hokkaido  (Large) x 1 (45.00 each)\\n', 'Paid', 0.00, 0.00),
(324, '2024-11-22 05:16:09', 540.00, 'Vanilla (Large) x 12 (45.00 each)\\n', 'Paid', 0.00, 0.00),
(325, '2024-11-22 05:16:56', 1005.00, 'Choco Mousse (Medium) x 12 (35.00 each)\\nChoco Mousse (Large) x 12 (45.00 each)\\nCookies $ Cream (Large) x 1 (45.00 each)\\n', 'Paid', 0.00, 0.00),
(326, '2024-11-22 05:22:37', 35.00, 'Taro (Medium) x 1 (35.00 each)\\n', 'Paid', 0.00, 0.00),
(327, '2024-11-22 05:22:55', 45.00, 'Taro (Large) x 1 (45.00 each)\\n', 'Paid', 0.00, 0.00),
(328, '2024-11-22 06:16:26', 35.00, 'Hokkaido (Medium) x 1 (35.00 each)\\n', 'Paid', 0.00, 0.00),
(329, '2024-11-22 06:17:27', 350.00, 'Hokkaido (Medium) x 10 (35.00 each)\\n', 'Paid', 0.00, 0.00),
(330, '2024-11-22 06:18:10', 35.00, 'Hokkaido (Medium) x 1 (35.00 each)\\n', 'Paid', 0.00, 0.00),
(331, '2024-11-22 06:18:40', 350.00, 'Hokkaido (Medium) x 10 (35.00 each)\\n', 'Paid', 0.00, 0.00),
(332, '2024-11-22 06:37:23', 420.00, 'Hokkaido (Medium) x 12 (35.00 each)\\n', 'Paid', 0.00, 0.00),
(333, '2024-11-22 06:42:47', 350.00, 'Hokkaido (Medium) x 10 (35.00 each)\\n', 'Paid', 0.00, 0.00),
(334, '2024-11-22 06:43:11', 35.00, 'Hokkaido (Medium) x 1 (35.00 each)\\n', 'Paid', 0.00, 0.00),
(335, '2024-11-22 06:50:13', 350.00, 'Hokkaido (Medium) x 10 (35.00 each)\\n', 'Paid', 0.00, 0.00),
(336, '2024-11-22 06:53:18', 315.00, 'Hokkaido (Medium) x 9 (35.00 each)\\n', 'Paid', 0.00, 0.00),
(337, '2024-11-22 08:17:07', 350.00, 'Vanilla (Medium) x 10 (35.00 each)\\n', 'Paid', 0.00, 0.00),
(338, '2024-11-22 08:21:20', 450.00, 'Coffee (Large) x 10 (45.00 each)\\n', 'Paid', 0.00, 0.00),
(339, '2024-11-22 08:23:53', 35.00, 'Vanilla (Medium) x 1 (35.00 each)\\n', 'Paid', 0.00, 0.00),
(340, '2024-11-22 09:06:39', 80.00, 'Matcha  (Large) x 1 (45.00 each)\\nMatcha  (Medium) x 1 (35.00 each)\\n', 'Paid', 0.00, 0.00),
(341, '2024-11-22 09:14:16', 80.00, 'Cheesecake (Medium) x 1 (35.00 each)\\nHokkaido (Large) x 1 (45.00 each)\\n', 'Paid', 0.00, 0.00),
(342, '2024-11-22 09:32:09', 35.00, 'Cookies $ Cream (Medium) x 1 (35.00 each)\\n', 'Paid', 0.00, 0.00),
(343, '2024-11-22 09:36:24', 70.00, 'Matcha  (Medium) x 1 (35.00 each)\\nJava Chip (Medium) x 1 (35.00 each)\\n', 'Paid', 0.00, 0.00),
(344, '2024-11-22 09:36:32', 45.00, 'Rock Salt $ Cheese (Large) x 1 (45.00 each)\\n', 'Paid', 0.00, 0.00),
(345, '2024-11-22 09:54:45', 35.00, 'Matcha  (Medium) x 1 (35.00 each)\\n', 'Paid', 0.00, 0.00),
(346, '2024-11-22 10:29:17', 115.00, 'Cheesecake (Medium) x 1 (35.00 each)\\nJava Chip (Medium) x 1 (35.00 each)\\nOkinawa  (Large) x 1 (45.00 each)\\n', 'Paid', 0.00, 0.00),
(347, '2024-11-22 13:11:32', 70.00, 'Matcha  (Medium) x 1 (35.00 each)\\nVanilla (Medium) x 1 (35.00 each)\\n', 'Paid', 0.00, 0.00),
(348, '2024-11-22 13:17:59', 35.00, 'Vanilla (Medium) x 1 (35.00 each)\\n', 'Paid', 0.00, 0.00),
(349, '2024-11-22 13:22:23', 35.00, 'Vanilla (Medium) x 1 (35.00 each)\\n', 'Paid', 0.00, 0.00),
(350, '2024-11-22 15:01:28', 90.00, 'Vanilla (Large) x 2 (45.00 each)\\n', 'Paid', 0.00, 0.00),
(351, '2024-11-22 15:02:33', 80.00, 'Vanilla (Medium) x 1 (35.00 each)\\nVanilla (Large) x 1 (45.00 each)\\n', 'Paid', 0.00, 0.00),
(352, '2024-11-22 15:04:00', 160.00, 'Coffee (Medium) x 2 (35.00 each)\\nCoffee (Large) x 2 (45.00 each)\\n', 'Paid', 0.00, 0.00),
(353, '2024-11-23 00:59:03', 1.00, 'Vanilla (Medium) x 1 (1.00 each)\\n', 'Paid', 0.00, 0.00),
(354, '2024-11-23 00:59:14', 1.00, 'Vanilla (Medium) x 1 (1.00 each)\\n', 'Paid', 0.00, 0.00),
(355, '2024-11-23 01:00:11', 1.00, 'Vanilla (Medium) x 1 (1.00 each)\\n', 'Paid', 0.00, 0.00),
(356, '2024-11-23 08:14:52', 90.00, 'Vanilla (Large) x 2 (45.00 each)\\n', 'Paid', 0.00, 0.00),
(357, '2024-11-24 07:15:53', 35.00, 'Matcha  (Medium) x 1 (35.00 each)\\n', 'Paid', 0.00, 0.00),
(358, '2024-11-24 07:16:06', 35.00, 'Vanilla (Medium) x 1 (35.00 each)\\n', 'Paid', 0.00, 0.00),
(359, '2024-11-24 07:16:41', 35.00, 'Matcha  (Medium) x 1 (35.00 each)\\n', 'Paid', 0.00, 0.00),
(360, '2024-11-24 07:16:55', 35.00, 'Vanilla (Medium) x 1 (35.00 each)\\n', 'Paid', 0.00, 0.00),
(361, '2024-11-24 07:19:29', 105.00, 'Hokkaido (Medium) x 1 (35.00 each)\\nCheesecake (Medium) x 1 (35.00 each)\\nVanilla (Medium) x 1 (35.00 each)\\n', 'Paid', 0.00, 0.00),
(362, '2024-11-24 07:54:06', 35.00, 'Cafe Latte (Medium) x 1 (35.00 each)\\n', 'Paid', 0.00, 0.00),
(363, '2024-11-24 08:02:50', 70.00, 'Choco Mousse (Medium) x 1 (35.00 each)\\nVanilla (Medium) x 1 (35.00 each)\\n', 'Paid', 0.00, 0.00),
(364, '2024-11-24 08:02:50', 0.00, '', 'Paid', 0.00, 0.00),
(365, '2024-11-24 11:21:58', 80.00, 'Matcha  (Medium) x 1 (35.00 each)\\nMatcha  (Large) x 1 (45.00 each)\\n', 'Paid', 0.00, 0.00),
(366, '2024-11-24 11:34:43', 35.00, 'Cafe Latte (Medium) x 1 (35.00 each)\\n', 'Paid', 0.00, 0.00),
(367, '2024-11-24 11:35:32', 495.00, 'Cafe Latte (Large) x 11 (45.00 each)\\n', 'Paid', 0.00, 0.00),
(368, '2024-11-24 13:38:54', 35.00, 'Matcha  (Medium) x 1 (35.00 each)\\n', 'Paid', 0.00, 0.00),
(369, '2024-11-24 13:39:26', 35.00, 'Coffee (Medium) x 1 (35.00 each)\\n', 'Paid', 0.00, 0.00),
(370, '2024-11-24 13:39:54', 45.00, 'Hokkaido (Large) x 1 (45.00 each)\\n', 'Paid', 0.00, 0.00),
(371, '2024-11-24 13:40:37', 160.00, 'Cheesecake (Large) x 2 (45.00 each)\\nCheesecake (Medium) x 2 (35.00 each)\\n', 'Paid', 0.00, 0.00),
(372, '2024-11-24 13:46:09', 35.00, 'Coffee (Medium) x 1 (35.00 each)\\n', 'Paid', 0.00, 0.00),
(373, '2024-11-24 13:50:51', 35.00, 'Java Chip (Medium) x 1 (35.00 each)\\n', 'Paid', 0.00, 0.00),
(374, '2024-11-24 13:58:50', 80.00, 'Cheesecake (Medium) x 1 (35.00 each)\\nCheesecake (Large) x 1 (45.00 each)\\n', 'Paid', 0.00, 0.00),
(375, '2024-11-24 13:59:55', 45.00, 'Coffee (Large) x 1 (45.00 each)\\n', 'Paid', 0.00, 0.00),
(376, '2024-11-24 14:02:14', 35.00, 'Hokkaido (Medium) x 1 (35.00 each)\\n', 'Paid', 0.00, 0.00),
(377, '2024-11-24 14:02:34', 45.00, 'Coffee (Large) x 1 (45.00 each)\\n', 'Paid', 0.00, 0.00),
(378, '2024-11-24 14:14:54', 35.00, 'Matcha  (Medium) x 1 (35.00 each)\\n', 'Paid', 0.00, 0.00),
(379, '2024-11-24 14:16:37', 35.00, 'Vanilla11 (Medium) x 1 (35.00 each)\\n', 'Paid', 0.00, 0.00),
(380, '2024-11-24 14:43:22', 80.00, 'Cookies $ Cream (Medium) x 1 (35.00 each)\\nCookies $ Cream (Large) x 1 (45.00 each)\\n', 'Paid', 0.00, 0.00),
(381, '2024-11-25 03:14:17', 35.00, 'Coffee (Medium) x 1 (35.00 each)\\n', 'Paid', 0.00, 0.00),
(382, '2024-11-25 03:17:19', 35.00, 'Cheesecake (Medium) x 1 (35.00 each)\\n', 'Paid', 0.00, 0.00),
(383, '2024-11-25 03:18:24', 35.00, 'Coffee (Medium) x 1 (35.00 each)\\n', 'Paid', 0.00, 0.00),
(384, '2024-11-25 03:20:07', 160.00, 'Dark Choco (Medium) x 1 (35.00 each)\\nDark Choco (Large) x 1 (45.00 each)\\nIced Americano (Medium) x 1 (35.00 each)\\nIced Americano (Large) x 1 (45.00 each)\\n', 'Paid', 0.00, 0.00),
(385, '2024-11-25 03:37:54', 35.00, 'Coffee (Medium) x 1 (35.00 each)\\n', 'Paid', 0.00, 0.00),
(386, '2024-11-25 03:48:40', 35.00, 'Coffee (Medium) x 1 (35.00 each)\\n', 'Paid', 0.00, 0.00),
(387, '2024-11-25 03:55:07', 35.00, 'Matcha  (Medium) x 1 (35.00 each)\\n', 'Paid', 0.00, 0.00),
(388, '2024-11-25 05:12:17', 80.00, 'Coffee (Large) x 1 (45.00 each)\\nCoffee (Medium) x 1 (35.00 each)\\n', 'Paid', 0.00, 0.00),
(389, '2024-11-25 05:54:43', 80.00, 'Cookies $ Cream (Medium) x 1 (35.00 each)\\nMatcha  (Large) x 1 (45.00 each)\\n', 'Paid', 0.00, 0.00),
(390, '2024-11-25 11:35:29', 45.00, 'Coffee (Large) x 1 (45.00 each)\\n', 'Paid', 0.00, 0.00),
(391, '2024-11-25 11:43:23', 35.00, 'Coffee (Medium) x 1 (35.00 each)\\n', 'Paid', 0.00, 0.00),
(392, '2024-11-25 12:19:25', 35.00, 'Matcha  (Medium) x 1 (35.00 each)\\n', 'Paid', 0.00, 0.00),
(393, '2024-11-25 12:24:15', 35.00, 'Coffee (Medium) x 1 (35.00 each)\\n', 'Paid', 0.00, 0.00),
(394, '2024-11-25 12:24:41', 35.00, 'Cheesecake (Medium) x 1 (35.00 each)\\n', 'Paid', 0.00, 0.00),
(395, '2024-11-25 12:25:09', 35.00, 'Cheesecake (Medium) x 1 (35.00 each)\\n', 'Paid', 0.00, 0.00),
(396, '2024-11-25 12:25:24', 29.00, 'Passion Fruit (Medium) x 1 (29.00 each)\\n', 'Paid', 0.00, 0.00),
(397, '2024-11-25 12:32:24', 35.00, 'Coffee (Medium) x 1 (35.00 each)\\n', 'Paid', 0.00, 0.00),
(398, '2024-11-25 12:36:35', 35.00, 'Matcha  (Medium) x 1 (35.00 each)\\n', 'Paid', 0.00, 0.00),
(399, '2024-11-25 13:06:44', 35.00, 'Coffee (Medium) x 1 (35.00 each)\\n', 'Paid', 0.00, 0.00),
(400, '2024-11-25 13:10:07', 35.00, 'Cheesecake (Medium) x 1 (35.00 each)\\n', 'Paid', 0.00, 0.00),
(401, '2024-11-25 13:12:44', 35.00, 'Cookies $ Cream (Medium) x 1 (35.00 each)\\n', 'Paid', 0.00, 0.00),
(402, '2024-11-25 13:16:17', 35.00, 'Coffee (Medium) x 1 (35.00 each)\\n', 'Paid', 0.00, 0.00),
(403, '2024-11-25 13:19:41', 35.00, 'Coffee (Medium) x 1 (35.00 each)\\n', 'Paid', 0.00, 0.00),
(404, '2024-11-25 13:26:24', 45.00, 'Cheesecake (Large) x 1 (45.00 each)\\n', 'Paid', 0.00, 0.00),
(405, '2024-11-25 13:49:41', 45.00, 'Cheesecake (Large) x 1 (45.00 each)\\n', 'Paid', 0.00, 0.00),
(406, '2024-11-25 13:52:24', 45.00, 'Cookies $ Cream (Large) x 1 (45.00 each)\\n', 'Paid', 0.00, 0.00),
(407, '2024-11-25 13:52:48', 45.00, 'Cookies $ Cream (Large) x 1 (45.00 each)\\n', 'Paid', 0.00, 0.00),
(408, '2024-11-25 13:55:57', 45.00, 'Coffee (Large) x 1 (45.00 each)\\n', 'Paid', 0.00, 0.00),
(409, '2024-11-25 13:59:08', 45.00, 'Cheesecake (Large) x 1 (45.00 each)\\n', 'Paid', 0.00, 0.00),
(410, '2024-11-25 13:59:32', 45.00, 'Vanilla (Large) x 1 (45.00 each)\\n', 'Paid', 0.00, 0.00),
(411, '2024-11-25 14:03:13', 35.00, 'Cheesecake x 1 (35.00 each)\\n', 'Paid', 0.00, 0.00),
(412, '2024-11-25 14:03:31', 35.00, 'Vanilla x 1 (35.00 each)\\n', 'Paid', 0.00, 0.00),
(413, '2024-11-25 14:03:49', 35.00, 'Vanilla x 1 (35.00 each)\\n', 'Paid', 0.00, 0.00),
(414, '2024-11-25 14:10:00', 35.00, 'Cheesecake x 1 (35.00 each)\\n', 'Paid', 0.00, 0.00),
(415, '2024-11-25 14:14:42', 35.00, 'Matcha  (Medium) x 1 (35.00 each)\\n', 'Paid', 0.00, 0.00),
(416, '2024-11-26 02:33:24', 35.00, 'Coffee (Medium) x 1 (35.00 each)\\n', 'Paid', 0.00, 0.00),
(417, '2024-11-26 02:37:26', 35.00, 'Matcha  (Medium) x 1 (35.00 each)\\n', 'Paid', 0.00, 0.00),
(418, '2024-11-26 02:40:46', 35.00, 'Vanilla (Medium) x 1 (35.00 each)\\n', 'Paid', 0.00, 0.00),
(419, '2024-11-26 02:44:11', 35.00, 'Matcha  (Medium) x 1 (35.00 each)\\n', 'Paid', 0.00, 0.00),
(420, '2024-11-26 02:47:09', 35.00, 'Coffee (Medium) x 1 (35.00 each)\\n', 'Paid', 0.00, 0.00),
(421, '2024-11-26 02:50:10', 35.00, 'Coffee (Medium) x 1 (Medium, 35.00 each)\\n', 'Paid', 0.00, 0.00),
(422, '2024-11-26 02:50:52', 35.00, 'Vanilla x 1 (35.00 each)\\n', 'Paid', 0.00, 0.00),
(423, '2024-11-26 02:51:41', 315.00, 'Vanilla x 9 (35.00 each)\\n', 'Paid', 0.00, 0.00),
(424, '2024-11-26 02:57:43', 35.00, 'Cheesecake x 1 (35.00 each)\\n', 'Paid', 0.00, 0.00),
(425, '2024-11-26 02:58:06', 29.00, 'Green Apple x 1 (29.00 each)\\n', 'Paid', 0.00, 0.00),
(426, '2024-11-26 03:27:08', 35.00, 'Cafe Latte x 1 (35.00 each)\\n', 'Paid', 0.00, 0.00),
(427, '2024-11-26 03:40:20', 35.00, 'Matcha  x 1 (35.00 each)\\n', 'Paid', 0.00, 0.00),
(428, '2024-11-26 03:40:44', 35.00, 'Vanilla x 1 (35.00 each)\\n', 'Paid', 0.00, 0.00),
(429, '2024-11-26 03:46:01', 45.00, 'Matcha  x 1 (45.00 each)\\n', 'Paid', 0.00, 0.00),
(430, '2024-11-26 04:08:44', 35.00, 'Matcha  (Medium) x 1 (35.00 each)\\n', 'Paid', 0.00, 0.00),
(431, '2024-11-26 04:09:07', 35.00, 'Coffee (Medium) x 1 (35.00 each)\\n', 'Paid', 0.00, 0.00),
(432, '2024-11-26 04:09:21', 35.00, 'Vanilla (Medium) x 1 (35.00 each)\\n', 'Paid', 0.00, 0.00),
(433, '2024-11-26 04:13:06', 35.00, 'Matcha  (Medium) x 1 (35.00 each)\\n', 'Paid', 0.00, 0.00),
(434, '2024-11-26 04:13:21', 35.00, 'Matcha  (Medium) x 1 (35.00 each)\\n', 'Paid', 0.00, 0.00),
(435, '2024-11-26 04:15:13', 35.00, 'Matcha  (Medium) x 1 (35.00 each)\\n', 'Paid', 0.00, 0.00),
(436, '2024-11-26 04:17:39', 35.00, 'Matcha  (Medium) x 1 (35.00 each)\\n', 'Paid', 0.00, 0.00),
(437, '2024-11-26 04:17:59', 35.00, 'Matcha  (Medium) x 1 (35.00 each)\\n', 'Paid', 0.00, 0.00),
(438, '2024-11-26 04:21:26', 35.00, 'Matcha  (Medium) x 1 (35.00 each)\\n', 'Paid', 0.00, 0.00),
(439, '2024-11-26 04:22:47', 35.00, 'Matcha  (Medium) x 1 (35.00 each)\\n', 'Paid', 0.00, 0.00),
(440, '2024-11-26 04:25:09', 35.00, 'Coffee (Medium) x 1 (35.00 each)\\n', 'Paid', 0.00, 0.00),
(441, '2024-11-26 04:31:42', 35.00, 'Matcha  (Medium) x 1 (35.00 each)\\n', 'Paid', 0.00, 0.00),
(442, '2024-11-26 04:35:15', 35.00, 'Matcha  (Medium) x 1 (35.00 each)\\n', 'Paid', 0.00, 0.00),
(443, '2024-11-26 04:38:33', 35.00, 'Matcha  (Medium) x 1 (35.00 each)\\n', 'Paid', 0.00, 0.00),
(444, '2024-11-26 04:39:20', 210.00, 'Matcha  (Medium) x 6 (35.00 each)\\n', 'Paid', 0.00, 0.00),
(445, '2024-11-26 04:39:34', 35.00, 'Matcha  (Medium) x 1 (35.00 each)\\n', 'Paid', 0.00, 0.00),
(446, '2024-11-26 04:40:00', 35.00, 'Matcha  (Medium) x 1 (35.00 each)\\n', 'Paid', 0.00, 0.00),
(447, '2024-11-26 04:40:15', 35.00, 'Matcha  (Medium) x 1 (35.00 each)\\n', 'Paid', 0.00, 0.00),
(448, '2024-11-26 04:40:46', 35.00, 'Matcha  (Medium) x 1 (35.00 each)\\n', 'Paid', 0.00, 0.00),
(449, '2024-11-26 04:44:25', 35.00, 'Matcha  (Medium) x 1 (35.00 each)\\n', 'Paid', 0.00, 0.00),
(450, '2024-11-26 04:44:43', 35.00, 'Matcha  (Medium) x 1 (35.00 each)\\n', 'Paid', 0.00, 0.00),
(451, '2024-11-26 04:45:10', 35.00, 'Matcha  (Medium) x 1 (35.00 each)\\n', 'Paid', 0.00, 0.00),
(452, '2024-11-26 04:51:27', 35.00, 'Matcha  (Medium) x 1 (35.00 each)\\n', 'Paid', 0.00, 0.00),
(453, '2024-11-26 04:55:08', 35.00, 'Matcha  (Medium) x 1 (35.00 each)\\n', 'Paid', 0.00, 0.00),
(454, '2024-11-26 04:55:35', 35.00, 'Choco Mousse (Medium) x 1 (35.00 each)\\n', 'Paid', 0.00, 0.00),
(455, '2024-11-26 04:56:07', 35.00, 'Coffee (Medium) x 1 (35.00 each)\\n', 'Paid', 0.00, 0.00),
(456, '2024-11-26 11:33:31', 35.00, 'Matcha  (Medium) x 1 (35.00 each)\\n', 'Paid', 0.00, 0.00),
(457, '2024-11-26 11:41:09', 35.00, '[{\"id\":123,\"name\":\"Matcha \",\"size\":\"Medium\",\"quantity\":\"1\",\"price\":\"35.00\"}]', 'Paid', 0.00, 0.00),
(458, '2024-11-26 11:41:53', 35.00, 'Matcha  x 1 (35.00 each)\\n', 'Paid', 0.00, 0.00),
(459, '2024-11-26 11:45:28', 35.00, 'Matcha  (Medium) x 1 (35.00 each)\\n', 'Paid', 0.00, 0.00),
(460, '2024-11-26 11:45:53', 35.00, 'Cafe Latte (Medium) x 1 (35.00 each)\\n', 'Paid', 0.00, 0.00),
(461, '2024-11-26 11:47:00', 45.00, 'Coffee (Large) x 1 (45.00 each)\\n', 'Paid', 0.00, 0.00),
(462, '2024-11-26 11:56:37', 125.00, 'Cookies $ Cream (Medium) x 1 (35.00 each)\\nCookies $ Cream (Large) x 2 (45.00 each)\\n', 'Paid', 0.00, 0.00),
(463, '2024-11-26 11:57:17', 125.00, 'Cookies $ Cream (Medium) x 1 (35.00 each)\\nCookies $ Cream (Large) x 2 (45.00 each)\\n', 'Paid', 0.00, 0.00),
(464, '2024-11-26 11:58:13', 80.00, 'Vanilla (Medium) x 1 (35.00 each)\\nVanilla (Large) x 1 (45.00 each)\\n', 'Paid', 0.00, 0.00),
(465, '2024-11-26 12:02:02', 80.00, 'Coffee (Medium) x 1 (35.00 each)\\nCoffee (Large) x 1 (45.00 each)\\n', 'Paid', 0.00, 0.00),
(466, '2024-11-26 12:02:04', 80.00, 'Coffee (Medium) x 1 (35.00 each)\\nCoffee (Large) x 1 (45.00 each)\\n', 'Paid', 0.00, 0.00),
(467, '2024-11-26 12:02:04', 80.00, 'Coffee (Medium) x 1 (35.00 each)\\nCoffee (Large) x 1 (45.00 each)\\n', 'Paid', 0.00, 0.00),
(468, '2024-11-26 12:21:59', 29.00, 'Passion Fruit (Medium) x 1 (29.00 each)\\n', 'Paid', 0.00, 0.00),
(469, '2024-11-26 12:27:04', 80.00, 'Cafe Latte (Medium) x 1 (35.00 each)\\nCafe Latte (Large) x 1 (45.00 each)\\n', 'Paid', 0.00, 0.00),
(470, '2024-11-26 12:28:14', 125.00, 'Vanilla (Medium) x 1 (35.00 each)\\nVanilla (Large) x 2 (45.00 each)\\n', 'Paid', 0.00, 0.00),
(471, '2024-11-26 12:30:09', 45.00, 'Coffee (Large) x 1 (45.00 each)\\n', 'Paid', 0.00, 0.00),
(472, '2024-11-26 12:34:02', 39.00, 'Green Apple (Large) x 1 (39.00 each)\\n', 'Paid', 0.00, 0.00),
(473, '2024-11-26 14:53:34', 45.00, 'Matcha  (Large) x 1 (45.00 each)\\n', 'Paid', 0.00, 0.00),
(474, '2024-11-26 14:59:38', 35.00, 'Coffee (Medium) x 1 (35.00 each)\\n', 'Paid', 0.00, 0.00),
(475, '2024-11-27 03:37:49', 35.00, 'Matcha  (Medium) x 1 (35.00 each)\\n', 'Paid', 0.00, 0.00),
(476, '2024-11-27 03:42:52', 45.00, 'Cheesecake (Large) x 1 (45.00 each)\\n', 'Paid', 0.00, 0.00),
(477, '2024-11-28 02:14:11', 35.00, 'Matcha  (Medium) x 1 (35.00 each)\\n', 'Paid', 0.00, 0.00),
(478, '2024-11-29 04:48:17', 80.00, 'Coffee (Medium) x 1 (35.00 each)\\nCheesecake (Large) x 1 (45.00 each)\\n', 'Paid', 0.00, 0.00),
(479, '2024-11-29 04:50:11', 35.00, 'Coffee (Medium) x 1 (35.00 each)\\n', 'Paid', 0.00, 0.00),
(480, '2024-11-29 10:12:16', 350.00, 'Vanilla (Medium) x 10 (35.00 each)\\n', 'Paid', 0.00, 0.00),
(481, '2024-11-29 10:15:01', 45.00, 'Matcha  (Large) x 1 (45.00 each)\\n', 'Paid', 0.00, 0.00),
(482, '2024-11-29 10:18:44', 405.00, 'Vanilla (Large) x 9 (45.00 each)\\n', 'Paid', 0.00, 0.00),
(483, '2024-11-29 15:05:43', 35.00, 'Cheesecake (Medium) x 1 (35.00 each)\\n', 'Paid', 0.00, 0.00),
(484, '2024-11-30 03:22:45', 45.00, 'Cheesecake (Large) x 1 (45.00 each)\\n', 'Paid', 0.00, 0.00),
(485, '2024-11-30 03:55:13', 35.00, 'Cheesecake (Medium) x 1 (35.00 each)\\n', 'Paid', 0.00, 0.00),
(486, '2024-11-30 04:07:10', 35.00, 'Coffee (Medium) x 1 (35.00 each)\\n', 'Paid', 0.00, 0.00),
(487, '2024-11-30 04:08:05', 35.00, 'Vanilla (Medium) x 1 (35.00 each)\\n', 'Paid', 0.00, 0.00),
(488, '2024-11-30 04:08:58', 35.00, 'Vanilla (Medium) x 1 (35.00 each)\\n', 'Paid', 0.00, 0.00),
(489, '2024-11-30 04:10:42', 45.00, 'Vanilla (Large) x 1 (45.00 each)\\n', 'Paid', 0.00, 0.00),
(490, '2024-11-30 05:16:14', 35.00, 'Cookies $ Cream (Medium) x 1 (35.00 each)\\n', 'Paid', 0.00, 0.00),
(491, '2024-11-30 05:16:59', 35.00, 'Coffee (Medium) x 1 (35.00 each)\\n', 'Paid', 0.00, 0.00),
(492, '2024-11-30 05:19:52', 35.00, 'Coffee (Medium) x 1 (35.00 each)\\n', 'Paid', 0.00, 0.00),
(493, '2024-11-30 05:23:57', 35.00, 'Vanilla (Medium) x 1 (35.00 each)\\n', 'Paid', 100.00, 0.00),
(494, '2024-11-30 05:25:28', 80.00, 'Vanilla (Medium) x 1 (35.00 each)\\nVanilla (Large) x 1 (45.00 each)\\n', 'Paid', 100.00, 0.00),
(495, '2024-11-30 05:38:50', 35.00, 'Cheesecake (Medium) x 1 (35.00 each)\\n', 'Paid', 200.00, 0.00),
(496, '2024-11-30 05:43:45', 35.00, 'Cheesecake (Medium) x 1 (35.00 each)\\n', 'Paid', 1000.00, 0.00),
(497, '2024-11-30 05:44:40', 45.00, 'Vanilla (Large) x 1 (45.00 each)\\n', 'Paid', 100.00, 0.00),
(498, '2024-11-30 05:45:12', 135.00, 'Vanilla (Large) x 3 (45.00 each)\\n', 'Paid', 200.00, 0.00),
(499, '2024-11-30 10:01:28', 35.00, 'Cheesecake (Medium) x 1 (35.00 each)\\n', 'Paid', 500.00, 0.00),
(500, '2024-12-01 02:34:15', 35.00, 'Coffee (Medium) x 1 (35.00 each)\\n', 'Paid', 100.00, 0.00),
(501, '2024-12-01 02:55:02', 35.00, 'Coffee (Medium) x 1 (35.00 each)\\n', 'Paid', 1000.00, 0.00),
(502, '2024-12-02 10:29:55', 35.00, 'Matcha  (Medium) x 1 (35.00 each)\\n', 'Paid', 100.00, 0.00),
(503, '2024-12-02 10:56:45', 45.00, 'Cheesecake (Large) x 1 (45.00 each)\\n', 'Paid', 100.00, 0.00),
(504, '2024-12-02 10:57:03', 29.00, 'Passion Fruit (Medium) x 1 (29.00 each)\\n', 'Paid', 100.00, 0.00),
(505, '2024-12-03 11:57:57', 80.00, 'Coffee (Large) x 1 (45.00 each)\\nRock Salt $ Cheese (Medium) x 1 (35.00 each)\\n', 'Paid', 500.00, 0.00),
(506, '2024-12-03 12:23:07', 35.00, 'Cheesecake (Medium) x 1 (35.00 each)\\n', 'Paid', 100.00, 0.00),
(507, '2024-12-03 12:24:12', 35.00, 'Cookies $ Cream (Medium) x 1 (35.00 each)\\n', 'Paid', 100.00, 0.00),
(508, '2024-12-03 12:52:39', 45.00, 'Cookies $ Cream (Large) x 1 (45.00 each)\\n', 'Paid', 100.00, 0.00),
(509, '2024-12-03 13:00:49', 35.00, 'Coffee (Medium) x 1 (35.00 each)\\n', 'Paid', 100.00, 0.00),
(510, '2024-12-03 13:25:09', 35.00, 'Coffee (Medium) x 1 (35.00 each)\\n', 'Paid', 100.00, 0.00),
(511, '2024-12-03 13:31:27', 90.00, 'Cheesecake (Large) x 2 (45.00 each)\\n', 'Paid', 100.00, 0.00),
(512, '2024-12-03 13:32:23', 80.00, 'Matcha  (Medium) x 1 (35.00 each)\\nJava Chip (Large) x 1 (45.00 each)\\n', 'Paid', 500.00, 0.00),
(513, '2024-12-04 09:46:26', 80.00, 'Matcha  (Medium) x 1 (35.00 each)\\nCoffee (Large) x 1 (45.00 each)\\n', 'Paid', 1000.00, 0.00),
(514, '2024-12-04 11:01:12', 29.00, 'Strawberry (Medium) x 1 (29.00 each)\\n', 'Paid', 500.00, 0.00),
(515, '2024-12-05 11:36:32', 144.00, 'Coffee (Medium) x 1 (35.00 each)\\nPassion Fruit (Large) x 1 (39.00 each)\\nDark Choco (Medium) x 2 (35.00 each)\\n', 'Paid', 1000.00, 0.00),
(516, '2024-12-06 03:18:53', 245.00, 'Coffee (Medium) x 7 (35.00 each)\\n', 'Paid', 1000.00, 0.00),
(517, '2024-12-06 03:25:30', 350.00, 'Vanilla (Medium) x 10 (35.00 each)\\n', 'Paid', 1000.00, 0.00),
(518, '2024-12-06 03:38:36', 35.00, 'Coffee (Medium) x 1 (35.00 each)\\n', 'Paid', 100.00, 0.00),
(519, '2024-12-06 04:22:09', 35.00, 'Matcha  (Medium) x 1 (35.00 each)\\n', 'Paid', 100.00, 0.00),
(520, '2024-12-06 04:44:31', 35.00, 'Coffee (Medium) x 1 (35.00 each)\\n', 'Paid', 100.00, 0.00),
(521, '2024-12-06 04:50:48', 35.00, 'Matcha  (Medium) x 1 (35.00 each)\\n', 'Paid', 100.00, 0.00),
(522, '2024-12-06 04:53:59', 63.00, 'Matcha  (Medium) x 1 (35.00 each)\\nMatcha  x 1 (28 each)\\n', 'Paid', 100.00, 0.00),
(523, '2024-12-06 04:59:04', 35.00, 'Coffee (Medium) x 1 (35.00 each)\\n', 'Paid', 100.00, 0.00),
(524, '2024-12-06 05:00:13', 70.00, 'Choco Mousse (Medium) x 1 (35.00 each)\\nMatcha  (Medium) x 1 (35.00 each)\\n', 'Paid', 200.00, 0.00),
(525, '2024-12-06 05:00:50', 63.00, 'Coffee (Medium) x 1 (35.00 each)\\nCoffee x 1 (28 each)\\n', 'Paid', 100.00, 0.00),
(526, '2024-12-06 10:17:36', 35.00, 'Coffee (Medium) x 1 (35.00 each)\\n', 'Paid', 100.00, 0.00),
(527, '2024-12-06 10:20:53', 35.00, 'Coffee (Medium) x 1 (35.00 each)\\n', 'Paid', 100.00, 0.00),
(528, '2024-12-06 10:28:53', 35.00, 'Cheesecake (Medium) x 1 (35.00 each)\\n', 'Paid', 100.00, 0.00),
(529, '2024-12-06 10:36:29', 35.00, 'Coffee (Medium) x 1 (35.00 each)\\n', 'Paid', 100.00, 0.00),
(530, '2024-12-06 10:41:46', 35.00, 'Cookies $ Cream (Medium) x 1 (35.00 each)\\n', 'Paid', 100.00, 0.00),
(531, '2024-12-06 10:50:48', 35.00, 'Coffee (Medium) x 1 (35.00 each)\\n', 'Paid', 1001.00, 0.00),
(532, '2024-12-06 11:25:16', 115.00, 'Matcha  (Medium) x 1 (35.00 each)\\nCheesecake (Medium) x 1 (35.00 each)\\nChoco Mousse (Large) x 1 (45.00 each)\\n', 'Paid', 1001.00, 0.00);
INSERT INTO `transactions` (`id`, `transaction_date`, `total_amount`, `order_details`, `payment_status`, `cash`, `price`) VALUES
(533, '2024-12-06 12:56:20', 35.00, 'Cheesecake (Medium) x 1 (35.00 each)\\n', 'Paid', 100.00, 0.00),
(534, '2024-12-06 12:58:06', 28.00, 'Cheesecake (Medium) x 1 (35.00 each)\\n', 'Paid', 100.00, 0.00),
(535, '2024-12-06 12:59:32', 36.00, 'Cookies $ Cream (Large) x 1 (45.00 each)\\n', 'Paid', 100.00, 0.00),
(536, '2024-12-06 13:00:39', 35.00, 'Cheesecake (Medium) x 1 (35.00 each)\\n', 'Paid', 100.00, 0.00),
(537, '2024-12-08 09:46:27', 28.00, 'Coffee (Medium) x 1 (35.00 each)\\n', 'Paid', 100.00, 0.00),
(538, '2024-12-08 12:08:15', 56.00, 'Matcha  (Medium) x 2 (35.00 each)\\n', 'Paid', 100.00, 0.00),
(539, '2024-12-09 12:41:53', 28.00, 'Cheesecake (Medium) x 1 (35.00 each)\\n', 'Paid', 100.00, 0.00),
(540, '2024-12-09 12:45:58', 35.00, 'Coffee (Medium) x 1 (35.00 each)\\n', 'Paid', 100.00, 0.00);

-- --------------------------------------------------------

--
-- Table structure for table `users`
--

CREATE TABLE `users` (
  `id` int(10) NOT NULL,
  `name` varchar(50) NOT NULL,
  `email` varchar(50) NOT NULL,
  `password` varchar(50) NOT NULL,
  `user_type` varchar(50) NOT NULL DEFAULT 'user',
  `image` varchar(255) DEFAULT NULL
) ENGINE=InnoDB DEFAULT CHARSET=utf8mb4 COLLATE=utf8mb4_general_ci;

--
-- Dumping data for table `users`
--

INSERT INTO `users` (`id`, `name`, `email`, `password`, `user_type`, `image`) VALUES
(1, 'admin', 'admin@gmail.com', '0192023a7bbd73250516f069df18b500', 'admin', NULL),
(2, 'cashier', 'cashier@gmail.com', '84c8137f06fd53b0636e0818f3954cdb', 'user', NULL);

--
-- Indexes for dumped tables
--

--
-- Indexes for table `categories`
--
ALTER TABLE `categories`
  ADD PRIMARY KEY (`id`);

--
-- Indexes for table `daily_sales`
--
ALTER TABLE `daily_sales`
  ADD PRIMARY KEY (`id`),
  ADD UNIQUE KEY `date` (`date`);

--
-- Indexes for table `items`
--
ALTER TABLE `items`
  ADD PRIMARY KEY (`id`),
  ADD KEY `category_id` (`category_id`);

--
-- Indexes for table `product_sales`
--
ALTER TABLE `product_sales`
  ADD PRIMARY KEY (`id`),
  ADD KEY `product_id` (`product_id`);

--
-- Indexes for table `sales`
--
ALTER TABLE `sales`
  ADD PRIMARY KEY (`id`),
  ADD KEY `item_id` (`item_id`);

--
-- Indexes for table `transactions`
--
ALTER TABLE `transactions`
  ADD PRIMARY KEY (`id`);

--
-- Indexes for table `users`
--
ALTER TABLE `users`
  ADD PRIMARY KEY (`id`);

--
-- AUTO_INCREMENT for dumped tables
--

--
-- AUTO_INCREMENT for table `categories`
--
ALTER TABLE `categories`
  MODIFY `id` int(11) NOT NULL AUTO_INCREMENT, AUTO_INCREMENT=22;

--
-- AUTO_INCREMENT for table `daily_sales`
--
ALTER TABLE `daily_sales`
  MODIFY `id` int(11) NOT NULL AUTO_INCREMENT, AUTO_INCREMENT=46;

--
-- AUTO_INCREMENT for table `items`
--
ALTER TABLE `items`
  MODIFY `id` int(11) NOT NULL AUTO_INCREMENT, AUTO_INCREMENT=170;

--
-- AUTO_INCREMENT for table `product_sales`
--
ALTER TABLE `product_sales`
  MODIFY `id` int(11) NOT NULL AUTO_INCREMENT, AUTO_INCREMENT=99;

--
-- AUTO_INCREMENT for table `sales`
--
ALTER TABLE `sales`
  MODIFY `id` int(11) NOT NULL AUTO_INCREMENT, AUTO_INCREMENT=616;

--
-- AUTO_INCREMENT for table `transactions`
--
ALTER TABLE `transactions`
  MODIFY `id` int(11) NOT NULL AUTO_INCREMENT, AUTO_INCREMENT=541;

--
-- AUTO_INCREMENT for table `users`
--
ALTER TABLE `users`
  MODIFY `id` int(10) NOT NULL AUTO_INCREMENT, AUTO_INCREMENT=12;

--
-- Constraints for dumped tables
--

--
-- Constraints for table `items`
--
ALTER TABLE `items`
  ADD CONSTRAINT `items_ibfk_1` FOREIGN KEY (`category_id`) REFERENCES `categories` (`id`);

--
-- Constraints for table `product_sales`
--
ALTER TABLE `product_sales`
  ADD CONSTRAINT `product_sales_ibfk_1` FOREIGN KEY (`product_id`) REFERENCES `items` (`id`);

--
-- Constraints for table `sales`
--
ALTER TABLE `sales`
  ADD CONSTRAINT `sales_ibfk_1` FOREIGN KEY (`item_id`) REFERENCES `items` (`id`) ON DELETE CASCADE;
COMMIT;

/*!40101 SET CHARACTER_SET_CLIENT=@OLD_CHARACTER_SET_CLIENT */;
/*!40101 SET CHARACTER_SET_RESULTS=@OLD_CHARACTER_SET_RESULTS */;
/*!40101 SET COLLATION_CONNECTION=@OLD_COLLATION_CONNECTION */;
